ASIN,Keyword,Title,Price_EGP,Original_Price_EGP,Discount_Pct,Rating,Reviews_Count,Rank_In_Search,Is_Sponsored,Is_Prime,Is_Best_Seller,URL,Image_URL,Captured_At
"B07F7TBMRV","تنسيق ورد","نبات صناعي من جاسيون بمقاس 40سم طول، 7سم قطر رأس الزهرة، قطعة واحدة، وردة، باللون الأحمر",214,,0,4.4,0,1,0,0,0,"https://www.amazon.eg/dp/B07F7TBMRV","https://m.media-amazon.com/images/I/61tYjcG0ssL._AC_UL320_.jpg","2026-09-30T07:03:57.701Z"
"B06WV76V7C","تنسيق ورد","نبات صناعي من شاين-كو لايتنج بمقاس 34 سم ارتفاع، 10 قطع، توليب، أبيض",210,,0,,0,2,0,0,0,"https://www.amazon.eg/dp/B06WV76V7C","https://m.media-amazon.com/images/I/71HXGQ-SnPL._AC_UL320_.jpg","2026-09-30T07:03:57.701Z"
"B091D4J9VS","تنسيق ورد","باقة زهور صناعية _زهرة الاقحوان _10 ازهار، ابيض , عدد 1",177.3,,0,4.1,0,3,0,0,0,"https://www.amazon.eg/dp/B091D4J9VS","https://m.media-amazon.com/images/I/61hiA+gBjsL._AC_UL320_.jpg","2026-09-30T07:03:57.701Z"
"B08T1F3YSJ","تنسيق ورد","نبات صناعي من آرتسي بمقاس 55 سم، قطعتين، زهر الكرز، أبيض",199.5,,0,4.1,0,4,0,0,1,"https://www.amazon.eg/dp/B08T1F3YSJ","https://m.media-amazon.com/images/I/71YZ5lRGLYL._AC_UL320_.jpg","2026-09-30T07:03:57.701Z"
"B0964KGKHF","تنسيق ورد","ريشة زينة للفازة من تي ال بي مصنوع من عشب بامباس - بشكل باقة زهور - طويل للغاية - صناعي مجفف - لتزيين المنزل وحفلات الزفاف - لون بيج وابيض وطبيعي - مقاس 45 - 120 سم - XL/ L (بيج)",150,,0,3.1,0,5,0,0,0,"https://www.amazon.eg/dp/B0964KGKHF","https://m.media-amazon.com/images/I/61KlSVWJZNL._AC_UL320_.jpg","2026-09-30T07:03:57.701Z"
"B0GVK8MPD6","تنسيق ورد","مجموعة زهور صناعية G-945 بتصميم واقعي من الحرير لتزيين المنزل والمكتب الذي لا يتأثر بمرور الزمن من هوم كير",96,,0,1,0,6,0,0,0,"https://www.amazon.eg/dp/B0GVK8MPD6","https://m.media-amazon.com/images/I/510OjFy5IeL._AC_UL320_.jpg","2026-09-30T07:03:57.701Z"
"B0GVKM2WCS","تنسيق ورد","مجموعة زهور صناعية طراز G-932، بتصميم واقعي من الحرير لتزيين المنزل والمكتب الذي لا يتأثر بمرور الزمن من هوم كير",120,,0,2,0,7,0,0,0,"https://www.amazon.eg/dp/B0GVKM2WCS","https://m.media-amazon.com/images/I/41xDJozdooL._AC_UL320_.jpg","2026-09-30T07:03:57.701Z"
"B0GVKKGPXY","تنسيق ورد","مجموعة زهور صناعية فاخرة من هوم كير G-941 بتصميم واقعي من الحرير لتزيين المنزل والمكتب الذي لا يتأثر بمرور الزمن",74,,0,2.8,0,8,0,0,0,"https://www.amazon.eg/dp/B0GVKKGPXY","https://m.media-amazon.com/images/I/61amNUq4yEL._AC_UL320_.jpg","2026-09-30T07:03:57.701Z"
"B0GVKNCY6H","تنسيق ورد","مجموعة زهور صناعية فاخرة من هوم كير G-935 بتصميم واقعي من الحرير لتزيين المنزل والمكتب الذي لا يتأثر بمرور الزمن",74,,0,,0,9,0,0,0,"https://www.amazon.eg/dp/B0GVKNCY6H","https://m.media-amazon.com/images/I/61qHU2zLQKL._AC_UL320_.jpg","2026-09-30T07:03:57.701Z"
"B0HFDMJ5NX","تنسيق ورد","بوكيه بيبي فلاور صناعي ورد ابيض، جيبسوفيلا صناعي لتنسيق وتزيين البوكيهات، ديكور المنزل والمكتب، مناسب للافراح والاعراس والمناسبات والهدايا",300,,0,,0,10,0,0,0,"https://www.amazon.eg/dp/B0HFDMJ5NX","https://m.media-amazon.com/images/I/718efthSmkL._AC_UL320_.jpg","2026-09-30T07:03:57.701Z"
"B0GVKN2THM","تنسيق ورد","زهور صناعية فاخرة G-1000 من هوم كير بتصميم واقعي من الحرير لتزيين المنزل والمكتب الذي لا يتأثر بمرور الزمن",290.63,,0,,0,11,0,0,0,"https://www.amazon.eg/dp/B0GVKN2THM","https://m.media-amazon.com/images/I/51n+iVteghL._AC_UL320_.jpg","2026-09-30T07:03:57.701Z"
"B079YCJ4QY","تنسيق ورد","نبات صناعي من سوفيكس بمقاس 56 سم، زهور أوركيد، زهر الخوخ، أبيض",124,,0,4,0,12,0,0,0,"https://www.amazon.eg/dp/B079YCJ4QY","https://m.media-amazon.com/images/I/61VSd6PJLxL._AC_UL320_.jpg","2026-09-30T07:03:57.701Z"
"B0HHXVZ5C6","تنسيق ورد","سيقان فرع زهور من الخرز الكريستالي (بيبي بينك، 1)",185,,0,4,0,13,0,0,0,"https://www.amazon.eg/dp/B0HHXVZ5C6","https://m.media-amazon.com/images/I/61w8zE7TvGL._AC_UL320_.jpg","2026-09-30T07:03:57.701Z"
"B0852NP7K4","تنسيق ورد","نبات صناعي من فايف سيزون ستاف بمقاس 48 سم، قطعتين، هدرانجيا، أبيض",539,,0,4.7,0,14,0,0,0,"https://www.amazon.eg/dp/B0852NP7K4","https://m.media-amazon.com/images/I/61xzv+XWRUL._AC_UL320_.jpg","2026-09-30T07:03:57.701Z"
"B083TW65XF","تنسيق ورد","نبات صناعي من فايف سيزون ستاف بمقاس 9 سم و 6 سم، قطعتين، زهور فاوانيا، ريفي بهيج، كانتري ديلايتفول",720,,0,4.6,0,15,0,0,0,"https://www.amazon.eg/dp/B083TW65XF","https://m.media-amazon.com/images/I/81nOnW+r+hL._AC_UL320_.jpg","2026-09-30T07:03:57.701Z"
"B09ZQWBV6P","تنسيق ورد","نبات صناعي من ليليفان بمقاس 53 سم، 18 قطعة، زهور جيبسوفيلا نفس الطفل باللون الأبيض",700,,0,4.4,0,16,0,0,0,"https://www.amazon.eg/dp/B09ZQWBV6P","https://m.media-amazon.com/images/I/71DBfbEcPlL._AC_UL320_.jpg","2026-09-30T07:03:57.701Z"
"B093WCR6WV","تنسيق ورد","زهور بيبي بيرث الاصطناعية ذات الجذع الطويل، باقات جيبسوفيلا حريرية بملمس حقيقي لتزيين قطع زينة وسطية لحفلات الزفاف والمكتب والديكور الداخلي والخارجي من جومولوتين، 12 قطعة (أبيض)",450,,0,4.3,0,17,0,0,0,"https://www.amazon.eg/dp/B093WCR6WV","https://m.media-amazon.com/images/I/71K98MnMTRL._AC_UL320_.jpg","2026-09-30T07:03:57.701Z"
"B0G3CVB7D8","تنسيق ورد","زهور صناعية بلون بيج مع فازة من البورسلين، تشكيلة زهور لتزيين المنزل والمكتب",290,,0,,0,18,0,0,0,"https://www.amazon.eg/dp/B0G3CVB7D8","https://m.media-amazon.com/images/I/51xlhnCHDML._AC_UL320_.jpg","2026-09-30T07:03:57.701Z"
"B0H59GPF82","تنسيق ورد","نبات صناعي بطول 40 سم، 5 فروع، ياسمين، أبيض وأخضر",160,,0,4.5,0,19,0,0,0,"https://www.amazon.eg/dp/B0H59GPF82","https://m.media-amazon.com/images/I/61UH2nZWASL._AC_UL320_.jpg","2026-09-30T07:03:57.701Z"
"B0H668ZS1H","تنسيق ورد","نبات صناعي بتصميم شكل 1 باللون الأخضر",195,,0,4.6,0,20,0,0,0,"https://www.amazon.eg/dp/B0H668ZS1H","https://m.media-amazon.com/images/I/818QHmBFN6L._AC_UL320_.jpg","2026-09-30T07:03:57.701Z"
"B0GR1Y63KK","تنسيق ورد","Oasis قوالب إسفنج أخضر لتنسيقات الزهور – فوم صناعي احترافي لتثبيت النباتات (6)",560,,0,5,0,21,0,0,0,"https://www.amazon.eg/dp/B0GR1Y63KK","https://m.media-amazon.com/images/I/51M4svC01NL._AC_UL320_.jpg","2026-09-30T07:03:57.701Z"
"B0GVKJBF1V","تنسيق ورد","مجموعة زهور صناعية فاخرة من هوم كير G-944 بتصميم واقعي من الحرير لتزيين المنزل والمكتب الذي لا يتأثر بمرور الزمن",95.63,,0,,0,22,0,0,0,"https://www.amazon.eg/dp/B0GVKJBF1V","https://m.media-amazon.com/images/I/519BnDOIXZL._AC_UL320_.jpg","2026-09-30T07:03:57.701Z"
"B0BWKC1SWD","تنسيق ورد","4 حزم زهور من الزهور الصناعية لحفلات الزفاف ديكور المنزل وترتيب الأزهار أحمر",244.5,,0,2.4,0,23,0,0,0,"https://www.amazon.eg/dp/B0BWKC1SWD","https://m.media-amazon.com/images/I/811ww5xU4wL._AC_UL320_.jpg","2026-09-30T07:03:57.701Z"
"B0GVKBSHQ7","تنسيق ورد","زهور صناعية فاخرة G-940 من هوم كير بتصميم واقعي من الحرير لتزيين المنزل والمكتب الذي لا يتأثر بمرور الزمن",110,,0,,0,24,0,0,0,"https://www.amazon.eg/dp/B0GVKBSHQ7","https://m.media-amazon.com/images/I/41kORiWzmgL._AC_UL320_.jpg","2026-09-30T07:03:57.701Z"
"B0H6CLSWK4","تنسيق ورد","باقة زهور بيبي فلاور طبيعي ، مجموعة من قطعتين، للديكور والمناسبات,تزيين المزهريات ,المنازل ,حفلات الزفاف عدد2 قطعة، بينك",299,,0,5,0,25,0,0,0,"https://www.amazon.eg/dp/B0H6CLSWK4","https://m.media-amazon.com/images/I/51IhMoqMciL._AC_UL320_.jpg","2026-09-30T07:03:57.701Z"
"B0HFDKYG61","تنسيق ورد","بوكيه بيبي فلاور صناعي ورد ابيض، جيبسوفيلا صناعي لتنسيق وتزيين البوكيهات، ديكور المنزل والمكتب، مناسب للافراح والاعراس والمناسبات والهدايا",300,,0,,0,26,0,0,0,"https://www.amazon.eg/dp/B0HFDKYG61","https://m.media-amazon.com/images/I/71UC8xmLeBL._AC_UL320_.jpg","2026-09-30T07:03:57.701Z"
"B0FFNR9ZL9","تنسيق ورد","زهور صناعية",290,,0,,0,27,0,0,0,"https://www.amazon.eg/dp/B0FFNR9ZL9","https://m.media-amazon.com/images/I/618j6rdandL._AC_UL320_.jpg","2026-09-30T07:03:57.701Z"
"B08C791RL4","تنسيق ورد","باقة زهور صناعية من ام اس مع مزهرية سيراميك صغيرة الحرير لتزيين المكتب للنساء، ديكور مزيفة للمنزل والطاولة المركزية (انيقة)، متعدد الألوان",460,,0,5,0,28,0,0,0,"https://www.amazon.eg/dp/B08C791RL4","https://m.media-amazon.com/images/I/71WQdJRs+fL._AC_UL320_.jpg","2026-09-30T07:03:57.701Z"
"B0GF9PL4TF","تنسيق ورد","نبات صناعي من كالدا من الورود الصناعية بتصميم وردة باللون الوردي",275,,0,3.5,0,29,0,0,0,"https://www.amazon.eg/dp/B0GF9PL4TF","https://m.media-amazon.com/images/I/61gG0MMOjwL._AC_UL320_.jpg","2026-09-30T07:03:57.701Z"
"B0FGY2F8MT","تنسيق ورد","نبات صناعي بمقاس 41 سم، 5 قطع، نفس الطفل، أبيض",760.39,,0,3.7,0,30,0,0,0,"https://www.amazon.eg/dp/B0FGY2F8MT","https://m.media-amazon.com/images/I/81LC333gsbL._AC_UL320_.jpg","2026-09-30T07:03:57.701Z"
"B0H9M6W7DD","تنسيق ورد","باقة ""الأناقة البيضاء الطبيعية"" – زهور بيضاء اصطناعية مع أوراق خضراء واقعية؛ ديكور جميل يدوم طويلاً للمنازل والمكاتب وحفلات الزفاف، ومثالي للهدايا. (أبيض وأخضر)",195,,0,,0,31,0,0,0,"https://www.amazon.eg/dp/B0H9M6W7DD","https://m.media-amazon.com/images/I/51wyfZDoxML._AC_UL320_.jpg","2026-09-30T07:03:57.701Z"
"B0GVKNQ7R4","تنسيق ورد","مجموعة زهور صناعية فاخرة من هوم كير G-1001 بتصميم واقعي من الحرير لتزيين المنزل والمكتب الذي لا يتأثر بمرور الزمن",95.63,,0,2.5,0,32,0,0,0,"https://www.amazon.eg/dp/B0GVKNQ7R4","https://m.media-amazon.com/images/I/61NuXNpDoXL._AC_UL320_.jpg","2026-09-30T07:03:57.701Z"
"B07TFTDCDC","تنسيق ورد","نبات صناعي من أيلاندا بمقاس 37.3 سم، 6 قطع، لافندر، بنفسجي",476,,0,4.3,0,33,0,0,0,"https://www.amazon.eg/dp/B07TFTDCDC","https://m.media-amazon.com/images/I/71o4Ma43mUL._AC_UL320_.jpg","2026-09-30T07:03:57.701Z"
"B08NB75199","تنسيق ورد","باقة زهور تيوليب اصطناعية بيضاء اللون من اللاتكس بمظهر حقيقي للعيد والربيع والزفاف زينة مركزية لترتيب الزهور وديكور الطاولة مكونة 30 قطعة سي ابوك",650,,0,4.4,0,34,0,0,0,"https://www.amazon.eg/dp/B08NB75199","https://m.media-amazon.com/images/I/61KLHUlol5L._AC_UL320_.jpg","2026-09-30T07:03:57.701Z"
"B0GP5GWM2K","تنسيق ورد","باقة زهور صفراء، تنسيق الزهور المنعشة",580,,0,,0,35,0,0,0,"https://www.amazon.eg/dp/B0GP5GWM2K","https://m.media-amazon.com/images/I/31cvTLCQiUL._AC_UL320_.jpg","2026-09-30T07:03:57.701Z"
"B08RHLTLL8","تنسيق ورد","نبات صناعي من ديلاتاتا بطول 35.6 سم، 10 قطع، زنبق كالا، زنبق الكالا، أبيض",528.6,,0,4,0,36,0,0,0,"https://www.amazon.eg/dp/B08RHLTLL8","https://m.media-amazon.com/images/I/51BK3h9jS+L._AC_UL320_.jpg","2026-09-30T07:03:57.701Z"
"B0HFJJST4R","تنسيق ورد","نبات اوركيد صناعي في اصيص | ترتيب زهور صناعية في اصيص ابيض | زهور صناعية نابضة بالحياة لديكور المنزل والمكتب والرفوف والمدخل",168.96,,0,,0,37,0,0,1,"https://www.amazon.eg/dp/B0HFJJST4R","https://m.media-amazon.com/images/I/61NWATSs-4L._AC_UL320_.jpg","2026-09-30T07:03:57.701Z"
"B01GSAXMPA","تنسيق ورد","مجموعة من 144 قطعة الورق الصناعي الجميل لتزيين بطاقات الزفاف سورايف ابيض",215.46,,0,3,0,38,0,0,0,"https://www.amazon.eg/dp/B01GSAXMPA","https://m.media-amazon.com/images/I/71OQ5q-LTRL._AC_UL320_.jpg","2026-09-30T07:03:57.701Z"
"B08QGQYH2V","تنسيق ورد","نبات صناعي من فايف سيزون ستاف بمقاس 48cm طول و21cm قطر، قطعتين، هدرانجيا، ماجنتا وردي",569,,0,4.7,0,39,0,0,0,"https://www.amazon.eg/dp/B08QGQYH2V","https://m.media-amazon.com/images/I/8168gSkyXjL._AC_UL320_.jpg","2026-09-30T07:03:57.701Z"
"B0HFV47SQ8","تنسيق ورد","توت أحمر صناعي للديكور، أغصان كرز صناعية بأوراق خضراء وثمار حمراء واقعية، لتزيين المزهريات وتنسيقات الزهور وطاولات الطعام والمنزل والحفلات",260,,0,,0,40,0,0,0,"https://www.amazon.eg/dp/B0HFV47SQ8","https://m.media-amazon.com/images/I/71CPhrOxXGL._AC_UL320_.jpg","2026-09-30T07:03:57.701Z"
"1600592031","تنسيق ورد","فو فلاور ارينجمنتس",450,,0,4.2,0,41,0,0,0,"https://www.amazon.eg/dp/1600592031","https://m.media-amazon.com/images/I/51ZXbZuRRjL._AC_UL320_.jpg","2026-09-30T07:03:57.701Z"
"B0GVKKFJGW","تنسيق ورد","مجموعة زهور صناعية فاخرة من هوم كير G-937 بتصميم واقعي من الحرير لتزيين المنزل والمكتب الذي لا يتأثر بمرور الزمن",110,,0,5,0,42,0,0,0,"https://www.amazon.eg/dp/B0GVKKFJGW","https://m.media-amazon.com/images/I/518M6vaY+ML._AC_UL320_.jpg","2026-09-30T07:03:57.701Z"
"B0GVKBX6VX","تنسيق ورد","مجموعة زهور صناعية فاخرة من هوم كير G-1003 بتصميم واقعي من الحرير لتزيين المنزل والمكتب الذي لا يتأثر بمرور الزمن",68.76,,0,,0,43,0,0,0,"https://www.amazon.eg/dp/B0GVKBX6VX","https://m.media-amazon.com/images/I/51RQ1eUOBKL._AC_UL320_.jpg","2026-09-30T07:03:57.701Z"
"B0DVV17SJZ","تنسيق ورد","زهور صناعية في وعاء سيراميك بلون ساج، تنسيق زهور ديكور مع أقحوان وهيدرانجيا (لون أزرق)",510,,0,,0,44,0,0,0,"https://www.amazon.eg/dp/B0DVV17SJZ","https://m.media-amazon.com/images/I/714pqKx-MSL._AC_UL320_.jpg","2026-09-30T07:03:57.701Z"
"B0DW48YFDG","تنسيق ورد","باقة اوركيد منسقة صناعية زهور وردية في أصيص سيراميك أزرق للديكور المنزلي وديكور المكتب (لون أخضر)",650,,0,5,0,45,0,0,0,"https://www.amazon.eg/dp/B0DW48YFDG","https://m.media-amazon.com/images/I/71lwNAwRiIL._AC_UL320_.jpg","2026-09-30T07:03:57.701Z"
"B0G3N837K9","تنسيق ورد","زهور حريرية - ورود سوداء طويلة الساق للديكور الأنيق، مثالية لحفلات الزفاف وديكور المنزل وترتيبات الزهور، تعزز أي نمط داخلي (5 قطع)",513.37,,0,,0,46,0,0,0,"https://www.amazon.eg/dp/B0G3N837K9","https://m.media-amazon.com/images/I/71IcGB65YXL._AC_UL320_.jpg","2026-09-30T07:03:57.701Z"
"B0HH55JZCC","تنسيق ورد","زهور صناعية للديكور – باقة ورد صناعي بتصميم طبيعي وأنيق للمنزل والمكتب والسترات – متوفرة بـ 6 الوان",250,,0,,0,47,0,0,0,"https://www.amazon.eg/dp/B0HH55JZCC","https://m.media-amazon.com/images/I/81tlLF6+bOL._AC_UL320_.jpg","2026-09-30T07:03:57.701Z"
"B0DBZG9JFM","تنسيق ورد","زهور كوبية صناعية من فونيونس 12 قطعة الاقحوان الحريرية لتزيين حديقة المنزل باقة الزفاف ترتيب الزهور مركزية ابيض",480,,0,4.1,0,48,0,0,0,"https://www.amazon.eg/dp/B0DBZG9JFM","https://m.media-amazon.com/images/I/61Zsefq53PL._AC_UL320_.jpg","2026-09-30T07:03:57.701Z"
"B0GVKLSZ6Q","تنسيق ورد","مجموعة زهور صناعية فاخرة من هوم كير G-943 بتصميم واقعي من الحرير لتزيين المنزل والمكتب الذي لا يتأثر بمرور الزمن",74.37,,0,,0,49,0,0,0,"https://www.amazon.eg/dp/B0GVKLSZ6Q","https://m.media-amazon.com/images/I/61CVCz3ddkL._AC_UL320_.jpg","2026-09-30T07:03:57.701Z"
"B0G3N837K9","تنسيق ورد","زهور حريرية - ورود سوداء طويلة الساق للديكور الأنيق، مثالية لحفلات الزفاف وديكور المنزل وترتيبات الزهور، تعزز أي نمط داخلي (5 قطع)",513.37,,0,,0,50,0,0,0,"https://www.amazon.eg/dp/B0G3N837K9","https://m.media-amazon.com/images/I/71IcGB65YXL._AC_UL320_.jpg","2026-09-30T07:03:57.701Z"
"B0CWL8736H","تنسيق ورد","زهور قرنفل صفراء صناعية مجموعة من 15 قطعة زهور قرنفل حريرية زهور صفراء 50 سم زهور صناعية لحفلات الزفاف وتزيين المنزل قطع مركزية لتزيين طاولات المنزل وعمل تنسيقات زهور (لون أصفر) من INSUNSIX",245,,0,3.9,0,51,0,0,0,"https://www.amazon.eg/dp/B0CWL8736H","https://m.media-amazon.com/images/I/719YFa6Y5IL._AC_UL320_.jpg","2026-09-30T07:03:57.701Z"
"B0DF7QNQ9H","تنسيق ورد","جولري باقة زهور صناعية من الحرير زفاف لتزيين باقات الزفاف يمكنك تركيبها بنفسك طاولة الحفلات المنزلية ذهبي فاتح",520,,0,4.5,0,52,0,0,0,"https://www.amazon.eg/dp/B0DF7QNQ9H","https://m.media-amazon.com/images/I/61yvbgUdT2L._AC_UL320_.jpg","2026-09-30T07:03:57.701Z"
"B0FT1V987X","تنسيق ورد","FANCY Artificial Billy Button Flowers, Dried-Style Craspedia Ball Stems, 40 cm Length, Multiple Colours, Decorative Home Decor (10, Cherrywood)",250,,0,2.4,0,53,0,0,0,"https://www.amazon.eg/dp/B0FT1V987X","https://m.media-amazon.com/images/I/71Y5WoEUq8L._AC_UL320_.jpg","2026-09-30T07:03:57.701Z"
"B0DL9KYRPX","تنسيق ورد","ليغو بوتانيكلز تنسيق الزهور 10345",3982.73,,0,4.9,0,54,0,0,1,"https://www.amazon.eg/dp/B0DL9KYRPX","https://m.media-amazon.com/images/I/81iYrKV+bBL._AC_UL320_.jpg","2026-09-30T07:03:57.701Z"
"B0GVKH3311","تنسيق ورد","مجموعة زهور صناعية G-1002 بتصميم واقعي من الحرير لتزيين المنزل والمكتب الذي لا يتأثر بمرور الزمن من هوم كير",99.88,,0,1,0,55,0,0,0,"https://www.amazon.eg/dp/B0GVKH3311","https://m.media-amazon.com/images/I/71ib7OYmFdL._AC_UL320_.jpg","2026-09-30T07:03:57.701Z"
"B0GVKJ7BL7","تنسيق ورد","مجموعة زهور صناعية فاخرة من هوم كير G-936 بتصميم واقعي من الحرير لتزيين المنزل والمكتب الذي لا يتأثر بمرور الزمن",104,,0,1,0,56,0,0,0,"https://www.amazon.eg/dp/B0GVKJ7BL7","https://m.media-amazon.com/images/I/61O87O+qLzL._AC_UL320_.jpg","2026-09-30T07:03:57.701Z"
"B0HKV9L1V7","تنسيق ورد","زهور زنبق كالا الاصطناعية من شوبيستا بلون ازرق سماوي مع سداة صفراء - 20",99,,0,,0,57,0,0,0,"https://www.amazon.eg/dp/B0HKV9L1V7","https://m.media-amazon.com/images/I/71TLnJEsWcL._AC_UL320_.jpg","2026-09-30T07:03:57.701Z"
"B08PS72CBV","تنسيق ورد","نبات صناعي من إينوفا هوم بمقاس 30 سم × 18 سم، قطعة واحدة، زهور تيوليب، أبيض",691,,0,4,0,58,0,0,0,"https://www.amazon.eg/dp/B08PS72CBV","https://m.media-amazon.com/images/I/51fa4YjXNSL._AC_UL320_.jpg","2026-09-30T07:03:57.701Z"
"B0HKJZBHS7","تنسيق ورد","shopista - Artificial Lily Bouquet Dark Burgundy Realistic Faux Flowers",480,,0,,0,59,0,0,0,"https://www.amazon.eg/dp/B0HKJZBHS7","https://m.media-amazon.com/images/I/61uVa70+twL._AC_UL320_.jpg","2026-09-30T07:03:57.701Z"
"B09P3LGG7S","تنسيق ورد","سيقان أوراق الاوكالبتوس الصناعية 10 قطع فروع صناعية مرنة ترتيبات ديكور خضراء للمنزل والمزرعة وباقات الزفاف وقطع مركزية للترابيزة والفازات والزهور من كاتري الأوكالبتوس الخضراء -",545,,0,2.9,0,60,0,0,0,"https://www.amazon.eg/dp/B09P3LGG7S","https://m.media-amazon.com/images/I/71vRI33lsbL._AC_UL320_.jpg","2026-09-30T07:03:57.701Z"
"B0DTS4L1DH","تنسيق ورد","نبات صناعي من فاشون.هوم من التوليب باللون الأبيض",402.32,,0,1,0,61,0,0,0,"https://www.amazon.eg/dp/B0DTS4L1DH","https://m.media-amazon.com/images/I/71yzu4lfy7L._AC_UL320_.jpg","2026-09-30T07:03:57.701Z"
"B09K48WLQG","تنسيق ورد","باقة زهور صناعية من لينهايدا قطعتان الفاوانيا الاصطناعية الحريرية الكوبية والقرنفل والتوت قطع مركزية للطاولة باقات الزفاف لديكور المنزل والحفلات ابيض عدد القطع: 2 .",800,,0,3.9,0,62,0,0,0,"https://www.amazon.eg/dp/B09K48WLQG","https://m.media-amazon.com/images/I/71sopR2S1KL._AC_UL320_.jpg","2026-09-30T07:03:57.701Z"
"B0GP1Y4RFG","تنسيق ورد","مزهرية زرقاء مع أزهار ونباتات صناعية، ترتيب زهور برتقالية وخضراء، ديكور منزلي أنيق",140,,0,,0,63,0,0,0,"https://www.amazon.eg/dp/B0GP1Y4RFG","https://m.media-amazon.com/images/I/51nOYrDXONL._AC_UL320_.jpg","2026-09-30T07:03:57.701Z"
"B0HFDFY9CR","تنسيق ورد","بوكيه بيبي فلاور صناعي ورد ابيض، جيبسوفيلا صناعي لتنسيق وتزيين البوكيهات، ديكور المنزل والمكتب، مناسب للافراح والاعراس والمناسبات والهدايا",300,,0,,0,64,0,0,0,"https://www.amazon.eg/dp/B0HFDFY9CR","https://m.media-amazon.com/images/I/71FTCWlcSOL._AC_UL320_.jpg","2026-09-30T07:03:57.701Z"
"B08YYSY4HH","تنسيق ورد","كون تشيل باقة ورود اصطناعية من الحرير مكونة 10 فروع و10 رؤوس و10 كبيرة لحفلات الزفاف وحفلات وديكور المنزل والمكتب والحفلات والحديقة أبيض",516,,0,4.2,0,65,0,0,0,"https://www.amazon.eg/dp/B08YYSY4HH","https://m.media-amazon.com/images/I/71GPOK2mibS._AC_UL320_.jpg","2026-09-30T07:03:57.701Z"
"B0H9LZT42Y","تنسيق ورد","زهور اصطناعية بسيقان طويلة للمزهريات - لون أزرق فاتح - 55 سم",150,,0,,0,66,0,0,0,"https://www.amazon.eg/dp/B0H9LZT42Y","https://m.media-amazon.com/images/I/51cTgV-Hc0L._AC_UL320_.jpg","2026-09-30T07:03:57.701Z"
"B0HG7CGCXN","تنسيق ورد","شلال ورد صناعي للديكور - تنسيق زهور صناعية للمنزل والمكتب لتزيين المساحات الداخلية واستخدامه كقطعة ديكور مميزة (6070 W)",265,,0,,0,67,0,0,0,"https://www.amazon.eg/dp/B0HG7CGCXN","https://m.media-amazon.com/images/I/41aelbepeML._AC_UL320_.jpg","2026-09-30T07:03:57.701Z"
"B0D6GR9V8X","تنسيق ورد","زهور توليب صناعية بتصميم واقعي من البولي يوريثان، سيقان توليب لباقات زهور حفلات الزفاف في الربيع، 15 قطعة من تنسيقات الزهور لتزيين المنزل والحفلات والمكاتب في عيد الأم من اس جس جس فيكسي، أبيض وأخضر",792.05,,0,4.6,0,68,0,0,0,"https://www.amazon.eg/dp/B0D6GR9V8X","https://m.media-amazon.com/images/I/71PG6mjNgJL._AC_UL320_.jpg","2026-09-30T07:03:57.701Z"
"B08RJDKDCN","تنسيق ورد","20 قطعة من زهور الزنبق الاصطناعية بملمس حقيقي 35 سم باقة صناعية لتزيين حفلات الزفاف مزيفة لديكور المنزل - كريمية زنابق بساق واحد قابلة للانحناء ديلتاتا",884,,0,4.8,0,69,0,0,0,"https://www.amazon.eg/dp/B08RJDKDCN","https://m.media-amazon.com/images/I/61UsAhWWf4S._AC_UL320_.jpg","2026-09-30T07:03:57.701Z"
"B09G63QYYR","تنسيق ورد","باقة زهور صناعية من لينهايدا مكونة قطعتين الفاوانيا الصناعية المصنوعة الحرير والقرنفل والتوت زينة مركزية للطاولة وحفلات الزفاف وديكور المنزل بينك زهري عدد القطع: 2 1",980,,0,4,0,70,0,0,0,"https://www.amazon.eg/dp/B09G63QYYR","https://m.media-amazon.com/images/I/71kh3D0wDtL._AC_UL320_.jpg","2026-09-30T07:03:57.701Z"
"B0F7FSMD35","تنسيق ورد","زهور صناعية متعددة الاستخدامات في أصيص سيراميك للمناسبات المختلفة وديكور المنزل",589,,0,,0,71,0,0,0,"https://www.amazon.eg/dp/B0F7FSMD35","https://m.media-amazon.com/images/I/71+WsyozLCL._AC_UL320_.jpg","2026-09-30T07:03:57.701Z"
"B09WTHJPFR","تنسيق ورد","باقة زهور صناعية من البلاستيك بتصميم ازهار الاقحوان ونبات البردي المجفف لديكور الطاولة في المنزل والمطبخ والحديقة والحفلات كروية بلون ذهبي فاتح",520,,0,3.6,0,72,0,0,0,"https://www.amazon.eg/dp/B09WTHJPFR","https://m.media-amazon.com/images/I/71CwwyCOR7L._AC_UL320_.jpg","2026-09-30T07:03:57.701Z"
"B09232S17Z","تنسيق ورد","زهرية ورد صناعي، من أخرى، متعدد الألوان",254,,0,1,0,73,0,0,0,"https://www.amazon.eg/dp/B09232S17Z","https://m.media-amazon.com/images/I/71w3Tal31ZS._AC_UL320_.jpg","2026-09-30T07:03:57.701Z"
"B0GVKCRP5J","تنسيق ورد","مجموعة زهور صناعية G-939 بتصميم واقعي من الحرير لتزيين المنزل والمكتب الذي لا يتأثر بمرور الزمن من هوم كير",88.17,,0,,0,74,0,0,0,"https://www.amazon.eg/dp/B0GVKCRP5J","https://m.media-amazon.com/images/I/41ySkm9TY0L._AC_UL320_.jpg","2026-09-30T07:03:57.701Z"
"B0HKV683JW","تنسيق ورد","زهور زنبق كالا الاصطناعية من شوبيستا بلون ازرق سماوي مع سداة صفراء - 144",488,,0,,0,75,0,0,0,"https://www.amazon.eg/dp/B0HKV683JW","https://m.media-amazon.com/images/I/71TLnJEsWcL._AC_UL320_.jpg","2026-09-30T07:03:57.701Z"
"B0GVKLSV52","تنسيق ورد","مجموعة زهور صناعية G-947 بتصميم واقعي من الحرير لتزيين المنزل والمكتب الذي لا يتأثر بمرور الزمن من هوم كير",96,,0,1,0,76,0,0,0,"https://www.amazon.eg/dp/B0GVKLSV52","https://m.media-amazon.com/images/I/51sZr+IR7WL._AC_UL320_.jpg","2026-09-30T07:03:57.701Z"
"B0DVZHQFB1","تنسيق ورد","تنسيق زهور صناعية مع نباتات منزلية مزخرفة، مزهرية سيراميك بيضاء، ورود خوخ وتوت، لون أحمر",510,,0,5,0,77,0,0,0,"https://www.amazon.eg/dp/B0DVZHQFB1","https://m.media-amazon.com/images/I/71SqeV2RqIL._AC_UL320_.jpg","2026-09-30T07:03:57.701Z"
"B0BG68JW6F","تنسيق ورد","عشب البامباس المجفف الصلب من فانسي - طويل للغاية - ديكور منزلي - زفاف - تنسيق الزهور - عشب بامباس طبيعي - أغصان زينة عشب البامبوس مقاس 60-80 سم (عبوة من 3 قطع) - لون بيج",135,,0,2.8,0,78,0,0,0,"https://www.amazon.eg/dp/B0BG68JW6F","https://m.media-amazon.com/images/I/515aEbT69vL._AC_UL320_.jpg","2026-09-30T07:03:57.701Z"
"B0H8PRJ17P","تنسيق ورد","جيني ترتيب الزهور الاصطناعية في مزهرية من الخيش، زهور قماشية بلون زهري واخضر، نمط ريفي للمنزل والمكتب والديكور الداخلي",350.9,,0,,0,79,0,0,1,"https://www.amazon.eg/dp/B0H8PRJ17P","https://m.media-amazon.com/images/I/51D8PZAd-sL._AC_UL320_.jpg","2026-09-30T07:03:57.701Z"
"B08QGQGD4X","تنسيق ورد","نبات صناعي من فايف سيزون ستاف بمقاس 48 سم، قطعتين، هيدرانجيا، وردي",539,,0,4.7,0,80,0,0,0,"https://www.amazon.eg/dp/B08QGQGD4X","https://m.media-amazon.com/images/I/81pccX3R8IL._AC_UL320_.jpg","2026-09-30T07:03:57.701Z"
"B0H7KC2MGL","تنسيق ورد","نبات زهور صناعي صغير بوعاء لديكور المنزل والمكتب، ترتيب زهور صناعية مزخرفة في وعاء بلاستيكي فاخر، زهور قماشية واقعية، لمسة أنيقة لسطح الطاولة",197,,0,,0,81,0,0,0,"https://www.amazon.eg/dp/B0H7KC2MGL","https://m.media-amazon.com/images/I/61oGZe9qnvL._AC_UL320_.jpg","2026-09-30T07:03:57.701Z"
"B0GVKF4XPP","تنسيق ورد","مجموعة زهور صناعية فاخرة من هوم كير G-1001A بتصميم واقعي من الحرير لتزيين المنزل والمكتب الذي لا يتأثر بمرور الزمن",95.63,,0,1,0,82,0,0,0,"https://www.amazon.eg/dp/B0GVKF4XPP","https://m.media-amazon.com/images/I/61fdR6hhczL._AC_UL320_.jpg","2026-09-30T07:03:57.701Z"
"B0CX4BMYW4","تنسيق ورد","زهور بيبي بريث الصناعية، زهور جيبسوفيلا الزرقاء الحريرية بالملمس الحقيقي، باقة زهور لتزيين حفلات الزفاف والقطع المركزية للطاولة من ديمي، 6 قطعة",900,,0,4.2,0,83,0,0,0,"https://www.amazon.eg/dp/B0CX4BMYW4","https://m.media-amazon.com/images/I/81IunpIImhL._AC_UL320_.jpg","2026-09-30T07:03:57.701Z"
"B0HKT157VX","تنسيق ورد","shopista Gold Crystal Flower Decorative Branch with Blooms & Buds - 1pc",300,,0,,0,84,0,0,0,"https://www.amazon.eg/dp/B0HKT157VX","https://m.media-amazon.com/images/I/61bMFTdxtPL._AC_UL320_.jpg","2026-09-30T07:03:57.701Z"
"B0GVK8WK4Z","تنسيق ورد","مجموعة زهور صناعية فاخرة من هوم كير G-938 بتصميم واقعي من الحرير لتزيين المنزل والمكتب الذي لا يتأثر بمرور الزمن",130,,0,,0,85,0,0,0,"https://www.amazon.eg/dp/B0GVK8WK4Z","https://m.media-amazon.com/images/I/61d+uGiyI-L._AC_UL320_.jpg","2026-09-30T07:03:57.701Z"
"B0GQZ4FM91","تنسيق ورد","نبات صناعي بمقاس 1 قطعة، عبوة من قطعة واحدة، خيار 3",275,,0,2.5,0,86,0,0,0,"https://www.amazon.eg/dp/B0GQZ4FM91","https://m.media-amazon.com/images/I/71D5C4gNr+L._AC_UL320_.jpg","2026-09-30T07:03:57.701Z"
"B0H2K7Q6BM","تنسيق ورد","السويلم | ورد قرنفل صناعي لوكس 9 وردات بطول 40 سم - خامة حرير عالية الجودة للديكور المنزلي وتنسيق الفازات وحفلات الزفاف - أحمر / أبيض / بينك (احمر)",300,,0,,0,87,0,0,0,"https://www.amazon.eg/dp/B0H2K7Q6BM","https://m.media-amazon.com/images/I/71WF+Ke8DVL._AC_UL320_.jpg","2026-09-30T07:03:57.701Z"
"B09M3LJKRJ","تنسيق ورد","باقة زهور الاوكالبتوس وزهور جيبسوفيلا الاصطناعية بلون أبيض بملمس حقيقي لحفلات الزفاف وترتيب الزهور وديكور المنزل من 18 قطعة من ديمي",700,,0,4.5,0,88,0,0,0,"https://www.amazon.eg/dp/B09M3LJKRJ","https://m.media-amazon.com/images/I/71ie30uNc5L._AC_UL320_.jpg","2026-09-30T07:03:57.701Z"
"B0FL9S3FY6","تنسيق ورد","باقة زهور الزنبق الاصطناعية - ترتيب فردي انيق للهدايا، ديكور زهرة التيوليب الحقيقي للمنزل وغرفة النوم والشرفة وركن المكتب وغرفة المعيشة والمطعم والمزهريات والحرف اليدوية",339,,0,,0,89,0,0,0,"https://www.amazon.eg/dp/B0FL9S3FY6","https://m.media-amazon.com/images/I/31DU+R+-zyL._AC_UL320_.jpg","2026-09-30T07:03:57.701Z"
"B0BF5T65S9","تنسيق ورد","باقة زهور الفاوانيا الاصطناعية مع مزهرية، زفاف مزيفة، حريرية مربوطة يدويًا، قرنفل وردية صناعية (احمر، مقاس واحد)",448,,0,5,0,90,0,0,0,"https://www.amazon.eg/dp/B0BF5T65S9","https://m.media-amazon.com/images/I/613ALinXOwL._AC_UL320_.jpg","2026-09-30T07:03:57.701Z"
"1592580297","تنسيق ورد","101 ترتيب الزهور: أفكار منزلية أنيقة",150,,0,3,0,91,0,0,0,"https://www.amazon.eg/dp/1592580297","https://m.media-amazon.com/images/I/51EDZ54BABL._AC_UL320_.jpg","2026-09-30T07:03:57.701Z"
"B0H4918H7N","تنسيق ورد","Artificial Lilies Flowers Real Touch Stargazer Lily Cala Lily Silk Tropical Flowers Arrangements Long Stem Tall Fake Flowers Faux Bulk Bouquet Decorative Flowers for Home Office Decor-Tiger Lily Pink",1200,,0,4.5,0,92,0,0,0,"https://www.amazon.eg/dp/B0H4918H7N","https://m.media-amazon.com/images/I/71L-iYAaz8L._AC_UL320_.jpg","2026-09-30T07:03:57.701Z"
"B098MCY38N","تنسيق ورد","ان سي باقات زهور كوبية صناعية من الحرير الصناعي مع مزهريات السيراميك لتزيين حفلات الزفاف قطع مركزية للطاولة لديكور المهرجانات ذهبي فاتح وكوبية",560,,0,,0,93,0,0,0,"https://www.amazon.eg/dp/B098MCY38N","https://m.media-amazon.com/images/I/71E2Be3zNkL._AC_UL320_.jpg","2026-09-30T07:03:57.701Z"
"B0DVVQV1M1","تنسيق ورد","باقة زهور صناعية مرتبة في أصيص خرساني مزخرف، ورود وردي اللون مع أوراق شجر خضراء، ديكور للمنزل والمكتب، زهور بيضاء",750,,0,,0,94,0,0,0,"https://www.amazon.eg/dp/B0DVVQV1M1","https://m.media-amazon.com/images/I/61SW43-dCEL._AC_UL320_.jpg","2026-09-30T07:03:57.701Z"
"B0917M2PJV","تنسيق ورد","زهور صناعية من الحرير مع أوراق الأوكالبتوس والتوت لتزيين حفلات الزفاف والطاولات والديكور المنزلي من بويشا، قطع زينة وسطية منزلية أبيض",622,,0,3.2,0,95,0,0,0,"https://www.amazon.eg/dp/B0917M2PJV","https://m.media-amazon.com/images/I/61B2xiDfdbL._AC_UL320_.jpg","2026-09-30T07:03:57.701Z"
"B0DVW4DCCV","تنسيق ورد","زهور جيربيرا مرجانية صناعية مع وعاء رمادي مزخرف، تنسيق زهور زخرفي للمنزل والمكتب (وردي)",710,,0,,0,96,0,0,0,"https://www.amazon.eg/dp/B0DVW4DCCV","https://m.media-amazon.com/images/I/61N0crJbK+L._AC_UL320_.jpg","2026-09-30T07:03:57.701Z"
"B0B66PQQY3","فازات ديكور","مزهريات سيراميك لديكور المنزل، مجموعة من 3 قطع - مزهرية دائرية عصرية بيضاء دائرية لزهور عشب البامباس الاصطناعية، ديكور بوهو لغرفة المعيشة وطاولة الطعام وغرفة النوم ورف المزرعة",184,,0,3.1,0,1,0,0,1,"https://www.amazon.eg/dp/B0B66PQQY3","https://m.media-amazon.com/images/I/81g90xSiirL._AC_UL320_.jpg","2026-09-30T07:03:57.701Z"
"B0BPM41R5C","فازات ديكور","فازات سيراميك للزهور بتصميم دائري من ستيفييدن، مطفية، قطع زينة وسطية لديكور غرفة المعيشة وغرفة النوم والمكتب وطاولة العشاء وحفلات الزفاف (مجموعة من قطعتين) اوف وايت",239,,0,4.2,0,2,0,0,0,"https://www.amazon.eg/dp/B0BPM41R5C","https://m.media-amazon.com/images/I/71-NdgWxkFL._AC_UL320_.jpg","2026-09-30T07:03:57.701Z"
"B0HHTT5CDF","فازات ديكور","مزهرية هندسية بيضاء مع بقع ذهبية وعشب البامباس، لمسة عصرية لسطح الطاولة لديكور المنزل - ارتفاع 10 سم - شكل 3",99,,0,5,0,3,0,0,0,"https://www.amazon.eg/dp/B0HHTT5CDF","https://m.media-amazon.com/images/I/61P-0y5XrUL._AC_UL320_.jpg","2026-09-30T07:03:57.701Z"
"B0C1RWGQJC","فازات ديكور","مزهريات سيراميك بيضاء من كوجكسسيج - مجموعة من 2 مزهرية عصرية مجوفة مستديرة لديكور المنزل، مزهريات بوهو للديكور الاسكندنافي البسيط، مناسبة لحفلات الزفاف وغرفة الطعام وغرفة المعيشة والمدخل",276,,0,3,0,4,0,0,0,"https://www.amazon.eg/dp/B0C1RWGQJC","https://m.media-amazon.com/images/I/71XXDifnAPL._AC_UL320_.jpg","2026-09-30T07:03:57.701Z"
"B08T1F3YSJ","فازات ديكور","نبات صناعي من آرتسي بمقاس 55 سم، قطعتين، زهر الكرز، أبيض",199.5,,0,4.1,0,5,0,0,1,"https://www.amazon.eg/dp/B08T1F3YSJ","https://m.media-amazon.com/images/I/71YZ5lRGLYL._AC_UL320_.jpg","2026-09-30T07:03:57.701Z"
"B0GF283PWQ","فازات ديكور","طقم فازات فخار ساحلية مصنوعة يدويًا من السيراميك العضوي للديكور المنزلي مستوحاة من فصل الصيف بدرجات لون البحر والرمل من كالدا روتس، 3 قطع (31 سم، 26 سم، 23 سم)",1090,,0,5,0,6,0,0,0,"https://www.amazon.eg/dp/B0GF283PWQ","https://m.media-amazon.com/images/I/51z2CSthy-L._AC_UL320_.jpg","2026-09-30T07:03:57.701Z"
"B0H2H8FTDM","فازات ديكور","فازات دوناتس لون اوف وايت ، عصرية و مناسبة لكل أنواع الديكورات الكلاسيك أو المودرن ، تضيف لمسة جمال و فخامة للمكان",168,,0,1.8,0,7,0,0,0,"https://www.amazon.eg/dp/B0H2H8FTDM","https://m.media-amazon.com/images/I/51PlF96b+tL._AC_UL320_.jpg","2026-09-30T07:03:57.701Z"
"B0C32W77K8","فازات ديكور","فازة سيراميك مميزة من دوسيبرت، لديكور المنزل العصري، قطع زينة وسطية بنمط بوهيمي شمالي بسيط، مزهرية بامباس دائرية غير لامعة فنية جمالية على شكل دونات للغرفة والمكتب والمزرعة، قطعتين، أبيض",280,,0,3.7,0,8,0,0,0,"https://www.amazon.eg/dp/B0C32W77K8","https://m.media-amazon.com/images/I/81o4m+65mwL._AC_UL320_.jpg","2026-09-30T07:03:57.701Z"
"B0DZP3C1VR","فازات ديكور","طقم ديكور تجريدي انيق مصنوع يدويا بنسبة 100% من كونكريت (أبيض)",400,,0,5,0,9,0,0,0,"https://www.amazon.eg/dp/B0DZP3C1VR","https://m.media-amazon.com/images/I/61fd4B9GGIL._AC_UL320_.jpg","2026-09-30T07:03:57.701Z"
"B0DCW78RWR","فازات ديكور","بورتال كوب شرب شفاف على شكل كرة كريستال من 3 كرات، مزهرية زجاجية فنية لسطح الطاولة لديكور المنزل - 350 مل",52.44,,0,3.6,0,10,0,0,0,"https://www.amazon.eg/dp/B0DCW78RWR","https://m.media-amazon.com/images/I/61Ap4QOG71L._AC_UL320_.jpg","2026-09-30T07:03:57.701Z"
"B0GVT9QNQ2","فازات ديكور","مزهرية كونكريت بتصميم جسم الإنسان، أبيض مطفي، نمط بوهو عصري، لتزيين المنزل وغرفة المعيشة صغيرة جدان تنفع للشمع والامجوهرات",179,,0,1,0,11,0,0,0,"https://www.amazon.eg/dp/B0GVT9QNQ2","https://m.media-amazon.com/images/I/312nGI5TUoL._AC_UL320_.jpg","2026-09-30T07:03:57.701Z"
"B0D94LWWZY","فازات ديكور","مزهريات سيراميك لديكور المنزل، مجموعة من 3 قطع - مزهرية دائرية بيضاء عصرية على شكل دونات لزهور البامباس الصناعية، ديكور بوهو لغرفة المعيشة، قطعة مركزية لتزيين رف الطعام (3، ابيض)",199,,0,3,0,12,0,0,0,"https://www.amazon.eg/dp/B0D94LWWZY","https://m.media-amazon.com/images/I/81-V3FNKiYL._AC_UL320_.jpg","2026-09-30T07:03:57.701Z"
"B0FDR7PZVW","فازات ديكور","فازة عصرية، فازة سيراميك من عشب البامبا لحفلات الزفاف، فازة زهور جمالية لديكور المنزل، طاولات المطبخ، غرفة المعيشة، غرفة النوم، وحدة التحكم، رف خشبي، المكتب، ديكور القهوة (مجموعة من 2 قطع)، أبيض",300,,0,4.6,0,13,0,0,0,"https://www.amazon.eg/dp/B0FDR7PZVW","https://m.media-amazon.com/images/I/81l2wkFdVBL._AC_UL320_.jpg","2026-09-30T07:03:57.701Z"
"B0GDPJSGXH","فازات ديكور","فازة سيراميك أنيقة مع ريش نعام طبيعي، قطعة فنية مصنوعة يدويا من الفخار للديكور المنزلي، فازة ديكور بتصميم ريفي طبيعي، بديل فاخر للورود والزهور الصناعية، لون أزرق كحلي",399,,0,2.7,0,14,0,0,0,"https://www.amazon.eg/dp/B0GDPJSGXH","https://m.media-amazon.com/images/I/71yRqp9bXNL._AC_UL320_.jpg","2026-09-30T07:03:57.701Z"
"B0DTB2FLZP","فازات ديكور","مزهرية دونات، من قطعة واحدة - ديكور بسيط نورديك، مزهرية دونات مجوفة من السيراميك الابيض | قطعة مركزية للطاولة، نبات الزيتون، الزفاف، غرفة المعيشة، رف الكتب، المكتب، المنزل العصري،",95,,0,2.8,0,15,0,0,0,"https://www.amazon.eg/dp/B0DTB2FLZP","https://m.media-amazon.com/images/I/51fk2hi2ToL._AC_UL320_.jpg","2026-09-30T07:03:57.701Z"
"B0DWKC2Q53","فازات ديكور","طقم ديكور كونكريت تجريدي أنيق مكون من 3 قطع بتصميم فتاة جميلة وفازة مصنوعة يدويا بنسبة 100% (3)",199,,0,3.8,0,16,0,0,0,"https://www.amazon.eg/dp/B0DWKC2Q53","https://m.media-amazon.com/images/I/6124d4dllHL._AC_UL320_.jpg","2026-09-30T07:03:57.701Z"
"B0BDR1X6PT","فازات ديكور","فازة دونات من سيراميك مجوف على الطراز الإسكندنافي البسيط كقطعة ديكور مركزية للطاولة ونبات الزيتون والزفاف وغرفة المعيشة ورف الكتب والمكتب والمنزل الحديث والمدخل والكونسول من كاروتز دين، أبيض، قطعتان",446,,0,4.6,0,17,0,0,0,"https://www.amazon.eg/dp/B0BDR1X6PT","https://m.media-amazon.com/images/I/71UQuGBkl4L._AC_UL320_.jpg","2026-09-30T07:03:57.701Z"
"B0HF5HP2JR","فازات ديكور","مزهريات برعم زجاجية، مزهريات صغيرة للزهور، مزهريات زهور صغيرة عتيقة، مزهرية زهور منقوشة لتزيين حفلات الزفاف، ديكور طاولة المنزل، لون احمر",200,,0,,0,18,0,0,0,"https://www.amazon.eg/dp/B0HF5HP2JR","https://m.media-amazon.com/images/I/61mbdKoOSbL._AC_UL320_.jpg","2026-09-30T07:03:57.701Z"
"B0D94P36KH","فازات ديكور","مزهريات سيراميك لديكور المنزل، مجموعة من 3 قطع - مزهرية دائرية بيضاء عصرية على شكل دونات لزهور البامباس الصناعية، ديكور بوهو لغرفة المعيشة، قطعة مركزية لتزيين رف الطعام (3، بيج)",239.4,,0,3,0,19,0,0,0,"https://www.amazon.eg/dp/B0D94P36KH","https://m.media-amazon.com/images/I/71FJcA3-EFL._AC_UL320_.jpg","2026-09-30T07:03:57.701Z"
"B0F1C1N6RR","فازات ديكور","طقم فازة زجاجية اسطوانية من 3 قطع، فازة كريستال شفافة للزينة، تصميم عصري لديكور المنزل، ارتفاع 30 سم",675,,0,5,0,20,0,0,0,"https://www.amazon.eg/dp/B0F1C1N6RR","https://m.media-amazon.com/images/I/61EXZ8W4EYL._AC_UL320_.jpg","2026-09-30T07:03:57.701Z"
"B0BVQP7T45","فازات ديكور","مجموعة مزهريات سيراميك بيضاء على شكل دونات من AWNR، قطعتان لديكور المنزل العصري، مزهرية دائرية بسيطة لقطع الزينة، مزهرية بوهو محايدة فريدة لغرفة المعيشة وحامل التلفزيون وغرفة الطعام وديكور طاولة",399,,0,4.5,0,21,0,0,0,"https://www.amazon.eg/dp/B0BVQP7T45","https://m.media-amazon.com/images/I/71oqWeXeo+L._AC_UL320_.jpg","2026-09-30T07:03:57.701Z"
"B0BNWKPG8V","فازات ديكور","فازة دونات سيراميك مجوفة لعشب البامباس، فازة بوهو بسيطة على الطراز النوردي لحفلات الزفاف والعشاء والطاولات والحفلات وغرفة المعيشة والمكتب وغرفة النوم وديكور من بري باي، مجموعة من 3 فازات (أسود)",180,,0,4.3,0,22,0,0,0,"https://www.amazon.eg/dp/B0BNWKPG8V","https://m.media-amazon.com/images/I/51FXeAdLdGL._AC_UL320_.jpg","2026-09-30T07:03:57.701Z"
"B0H41W9KGT","فازات ديكور","فازات زينة وسطية للزفاف: طقم حامل وفازة زهور لتنسيق طاولة الأفراح، قطع ديكور لتزيين الطاولات، (أسود وفضي)، 2 قطعة",300,,0,3.4,0,23,0,0,0,"https://www.amazon.eg/dp/B0H41W9KGT","https://m.media-amazon.com/images/I/61DEPtWW9EL._AC_UL320_.jpg","2026-09-30T07:03:57.701Z"
"B0BBLD27RJ","فازات ديكور","مجموعة فازات سيراميك مجوفة من قطعتين بلون اوف وايت من ليفوهد عصرية مستديرة لديكور الرف بنمط كتاب نورديك بسيط على شكل دونات بوهو لديكور المنزل وغرفة المعيشة والمدخل وطاولة القهوة",300,,0,4.7,0,24,0,0,0,"https://www.amazon.eg/dp/B0BBLD27RJ","https://m.media-amazon.com/images/I/81d8G27QkFL._AC_UL320_.jpg","2026-09-30T07:03:57.701Z"
"B0BM7G559X","فازات ديكور","AWNR White Ceramic Vase Set of 2 for Modern Home Decor, Round Boho Donut Pampas Grass, Neutral Minimalist Dining Room Table Centerpiece Room, Living Wedding Decoration",450,,0,4.5,0,25,0,0,0,"https://www.amazon.eg/dp/B0BM7G559X","https://m.media-amazon.com/images/I/71uQGiK8d-L._AC_UL320_.jpg","2026-09-30T07:03:57.701Z"
"B0H1HLLGST","فازات ديكور","فازة روما 1338 بلاستيك أسطوانية الشكل بملمس مضلع من وينر بلاست، لون بيج",60.61,,0,3.5,0,26,0,0,0,"https://www.amazon.eg/dp/B0H1HLLGST","https://m.media-amazon.com/images/I/41uEdbPoisL._AC_UL320_.jpg","2026-09-30T07:03:57.701Z"
"B0GF2ZNZ2K","فازات ديكور","فازة من الصلصال نابضة بالحياة مصنوعة يدويا من الطين الطبيعي 100% للديكور الداخلي الحديث والبوهيمي سيراميك مصري فني لغرفة المعيشة وديكور المكتب من كالدا صن، مجموعة من 3 قطع",880,,0,5,0,27,0,0,0,"https://www.amazon.eg/dp/B0GF2ZNZ2K","https://m.media-amazon.com/images/I/61-6iKR1-YL._AC_UL320_.jpg","2026-09-30T07:03:57.701Z"
"B0GG75QHWC","فازات ديكور","فازة بتصميم يقطين من فخار طبيعي، فازة مصنوعة يدويًا بنسبة 100% بنمط مضلع، زهرية سيراميك بتصميم جميل بنمط خطوط عمودية بارزة لديكور المنزل والمكتب من كالدا",465,,0,1.7,0,28,0,0,0,"https://www.amazon.eg/dp/B0GG75QHWC","https://m.media-amazon.com/images/I/51f+G5tbhKL._AC_UL320_.jpg","2026-09-30T07:03:57.701Z"
"B0HFKD1GK8","فازات ديكور","مزهرية زجاجية فاخرة للطاولة من VOMA – تصميم أنيق لتزيين الزهور الجافة والنباتات المائية – ديكور عصري فاخر للمكتب والمنزل",174.8,,0,1,0,29,0,0,0,"https://www.amazon.eg/dp/B0HFKD1GK8","https://m.media-amazon.com/images/I/51OeMjTjqRL._AC_UL320_.jpg","2026-09-30T07:03:57.701Z"
"B0H3LNDQNZ","فازات ديكور","فازة زجاجية حديثة طويلة بتصميم مضلع للزهور لنبات التوليب لغرفة المعيشة وطاولة الطعام والمكتب وحفلات الزفاف، (أخضر)",400,,0,3,0,30,0,0,0,"https://www.amazon.eg/dp/B0H3LNDQNZ","https://m.media-amazon.com/images/I/61xV-Vh04+L._AC_UL320_.jpg","2026-09-30T07:03:57.701Z"
"B0BD9DM3VL","فازات ديكور","مزهرة سيراميك بلون أبيض، مزهرية سيراميك مجوفة غير لامعة، مزهرية للزراعة المائية، مجموعة من قطعتين، مثالية لديكور غرفة النوم والمدفأة وديكور المنزل، مزهرية عصرية للديكور",280,,0,4.5,0,31,0,0,0,"https://www.amazon.eg/dp/B0BD9DM3VL","https://m.media-amazon.com/images/I/71E6gr2beyL._AC_UL320_.jpg","2026-09-30T07:03:57.701Z"
"B0GVTQP9VL","فازات ديكور","مزهرية كونكريت بتصميم جسم الإنسان، لون أبيض مطفي، نمط بوهو عصري، لتزيين المنزل وغرفة المعيشة",135,,0,5,0,32,0,0,0,"https://www.amazon.eg/dp/B0GVTQP9VL","https://m.media-amazon.com/images/I/312nGI5TUoL._AC_UL320_.jpg","2026-09-30T07:03:57.701Z"
"B0FDYLZVL8","فازات ديكور","مزهرية زجاجية شفافة طويلة، 60 سم، تصميم اسطواني عصري للزهور",480,,0,3.6,0,33,0,0,0,"https://www.amazon.eg/dp/B0FDYLZVL8","https://m.media-amazon.com/images/I/61STywRfV6L._AC_UL320_.jpg","2026-09-30T07:03:57.701Z"
"B0GSGR6FCK","فازات ديكور","مزهرية بلاستيك ، تصميم هندسي حديث، للزهور والديكور المنزلي (وردي)",199,,0,2.5,0,34,0,0,0,"https://www.amazon.eg/dp/B0GSGR6FCK","https://m.media-amazon.com/images/I/61nFjPL8neL._AC_UL320_.jpg","2026-09-30T07:03:57.701Z"
"B0G1KQRMP3","فازات ديكور","، مزهرية بلاستيك هندسية مضلعة، تصميم عصري أبيض، للزهور والنباتات الاصطناعية والطبيعية، قطعة واحدة",199,,0,3.1,0,35,0,0,0,"https://www.amazon.eg/dp/B0G1KQRMP3","https://m.media-amazon.com/images/I/51W3jrRODGL._AC_UL320_.jpg","2026-09-30T07:03:57.701Z"
"B0GHRCD2DK","فازات ديكور","مزهريات زجاجية كروية شفافة، تصميم دائري، مجموعة من 4 قطع، لتنسيق الزهور والديكور المنزلي",550,,0,5,0,36,0,0,0,"https://www.amazon.eg/dp/B0GHRCD2DK","https://m.media-amazon.com/images/I/61hn+EncPVL._AC_UL320_.jpg","2026-09-30T07:03:57.701Z"
"B0C53WRWBC","فازات ديكور","فازة متعددة الألوان من الزجاج، مناسبة لديكور المنزل بارتفاع 20 سم (أسود)",260,,0,3.5,0,37,0,0,0,"https://www.amazon.eg/dp/B0C53WRWBC","https://m.media-amazon.com/images/I/51ajak83SVL._AC_UL320_.jpg","2026-09-30T07:03:57.701Z"
"B091C9K1CB","فازات ديكور","مزهرية من الزجاج الشفاف من تيدفاتين",152,,0,3,0,38,0,0,0,"https://www.amazon.eg/dp/B091C9K1CB","https://m.media-amazon.com/images/I/41TtQBjlPbL._AC_UL320_.jpg","2026-09-30T07:03:57.701Z"
"B0HGYXQBCR","فازات ديكور","مزهرية خشبية مقوسة مع انبوب زجاجي وزهور مجففة، 17 × 13.5 سم",350,,0,,0,39,0,0,0,"https://www.amazon.eg/dp/B0HGYXQBCR","https://m.media-amazon.com/images/I/61urkEii8CL._AC_UL320_.jpg","2026-09-30T07:03:57.701Z"
"B0GLRLTBNV","فازات ديكور","مزهرية زجاجية شفافة بتصميم مموج، ارتفاع 25 سم، ديكور منزلي عصري",299,,0,3.8,0,40,0,0,0,"https://www.amazon.eg/dp/B0GLRLTBNV","https://m.media-amazon.com/images/I/51Jlhakme7L._AC_UL320_.jpg","2026-09-30T07:03:57.701Z"
"B0BZXKS7ZD","فازات ديكور","فازة زجاجية 30 سم (ذهبي)",300,,0,3.3,0,41,0,0,0,"https://www.amazon.eg/dp/B0BZXKS7ZD","https://m.media-amazon.com/images/I/61ViDsvJAAL._AC_UL320_.jpg","2026-09-30T07:03:57.701Z"
"B0C7WFZZ7D","فازات ديكور","طقم مزهريات زهور من السيراميك بلون بيج من إلفاسيز، مزهريات زهور بوهو نورديك محايدة جمالية من عشب البامبا المزخرفة، لديكور المنزل العصري وغرفة المعيشة والطاولات المركزية (عرض 17 سم × ارتفاع 28 سم)",550,,0,4.7,0,42,0,0,0,"https://www.amazon.eg/dp/B0C7WFZZ7D","https://m.media-amazon.com/images/I/71+K2WB572L._AC_UL320_.jpg","2026-09-30T07:03:57.701Z"
"B0BC8VZB49","فازات ديكور","فازة سيراميك بيضاء حديثة من IUIBMI على شكل دونت مجوفة بنمط نورديك بسيط، تستخدم مع بعضها أو بشكل منفصل، منتجات ديكور محايدة لوضع الزهور وديكور المنزل والرف وغرفة النوم، 21.5 سم، 2 قطعة",311.09,,0,4.2,0,43,0,0,0,"https://www.amazon.eg/dp/B0BC8VZB49","https://m.media-amazon.com/images/I/71LO7jUh3SL._AC_UL320_.jpg","2026-09-30T07:03:57.701Z"
"B0C7PKB78J","فازات ديكور","فازة زجاجية 30 سم (متعددة الالوان) (تركواز)",400,,0,3.4,0,44,0,0,0,"https://www.amazon.eg/dp/B0C7PKB78J","https://m.media-amazon.com/images/I/711bGVcBFWL._AC_UL320_.jpg","2026-09-30T07:03:57.701Z"
"B0HF5MSXWF","فازات ديكور","مزهريات برعم زجاجية، مزهريات صغيرة للزهور، مزهريات زهور صغيرة عتيقة، مزهرية زهور منقوشة لتزيين حفلات الزفاف، ديكور طاولة المنزل، اخضر",200,,0,,0,45,0,0,0,"https://www.amazon.eg/dp/B0HF5MSXWF","https://m.media-amazon.com/images/I/61+qZndqQKL._AC_UL320_.jpg","2026-09-30T07:03:57.701Z"
"B0GG77P5KH","فازات ديكور","فازة كالدا حصى من فخار أخضر زمردي مصنوعة يدويًا، تصميم هندسي حديث بشكل متدرج وملمس بارز من الحجر الطبيعي، فازة فخارية لديكور المنزل والمكتب",410,,0,5,0,46,0,0,0,"https://www.amazon.eg/dp/B0GG77P5KH","https://m.media-amazon.com/images/I/51JcnDH9sBL._AC_UL320_.jpg","2026-09-30T07:03:57.701Z"
"B08X22KTLH","فازات ديكور","حامل عرض للنباتات علي الترابيزة من ان ام اف اي ان، يتكون من مزهرية زجاجية وحامل معدني، ديكور لغرفة المعيشة، حاوية صلبة للزراعة في الماء بتصميم نورديك مبتكر",195,,0,4,0,47,0,0,0,"https://www.amazon.eg/dp/B08X22KTLH","https://m.media-amazon.com/images/I/618b3kxYJ1L._AC_UL320_.jpg","2026-09-30T07:03:57.701Z"
"B0B5QS4RZ1","فازات ديكور","مجموعة مزهرية سيراميك مجوفة من قطعتين لديكور المنزل من داكوستيك، مزهريات بوهو بيضاء على شكل دونات بتصميم نورديك بسيط لتزيين الطاولة والزفاف وغرفة الطعام وغرفة المعيشة والمكتب والمنزل",300,,0,4.3,0,48,0,0,0,"https://www.amazon.eg/dp/B0B5QS4RZ1","https://m.media-amazon.com/images/I/71uv8JHIRNL._AC_UL320_.jpg","2026-09-30T07:03:57.701Z"
"B0BCW7D972","فازات ديكور","فازة سيراميك بيضاء من جولدتيمو، مجموعة فازة عصرية لديكور المنزل من قطعتين، فازات دائرية مجوفة غير لامعة على شكل دونات بامباس بنمط بوهو نورديك لديكور طاولة العشاء وغرفة المعيشة والمكتب وغرفة النوم",270,,0,4.7,0,49,0,0,0,"https://www.amazon.eg/dp/B0BCW7D972","https://m.media-amazon.com/images/I/718emnPEFQL._AC_UL320_.jpg","2026-09-30T07:03:57.701Z"
"B0HCWB6Z3S","فازات ديكور","فازة زجاجية صغيرة للزهور، فازة صغيرة عتيقة مزخرفة بنقوش بارزة من الزجاج الشفاف لتزيين حفلات الزفاف وتنسيق الزهور على طاولات المنزل، لون أخضر",200,,0,2,0,50,0,0,0,"https://www.amazon.eg/dp/B0HCWB6Z3S","https://m.media-amazon.com/images/I/61Isex2mRJL._AC_UL320_.jpg","2026-09-30T07:03:57.701Z"
"B0B5QS4RZ1","فازات ديكور","مجموعة مزهرية سيراميك مجوفة من قطعتين لديكور المنزل من داكوستيك، مزهريات بوهو بيضاء على شكل دونات بتصميم نورديك بسيط لتزيين الطاولة والزفاف وغرفة الطعام وغرفة المعيشة والمكتب والمنزل",300,,0,4.3,0,51,0,0,0,"https://www.amazon.eg/dp/B0B5QS4RZ1","https://m.media-amazon.com/images/I/71uv8JHIRNL._AC_UL320_.jpg","2026-09-30T07:03:57.701Z"
"B0CP28N5H4","فازات ديكور","فازة بشكل وجه أمامي من السيراميك بتصميم حديث لترتيب الزهور الجافة وديكور غرفة النوم والمكتب من سانويا",249,,0,4.3,0,52,0,0,0,"https://www.amazon.eg/dp/B0CP28N5H4","https://m.media-amazon.com/images/I/61Waj+BXQ+L._AC_UL320_.jpg","2026-09-30T07:03:57.701Z"
"B0H9P1QPCC","فازات ديكور","مزهرية زجاجية كروية مثاليه لزهورالاصطناعية بيضاء",350,,0,5,0,53,0,0,0,"https://www.amazon.eg/dp/B0H9P1QPCC","https://m.media-amazon.com/images/I/41iokAut9hL._AC_UL320_.jpg","2026-09-30T07:03:57.701Z"
"B0GK1PWZYT","فازات ديكور","مزهرية بلاستيكية بتصميم هندسي مطوي، ديكور منزلي عصري (بيج)",199,,0,3.6,0,54,0,0,0,"https://www.amazon.eg/dp/B0GK1PWZYT","https://m.media-amazon.com/images/I/41SHyH8HhlL._AC_UL320_.jpg","2026-09-30T07:03:57.701Z"
"B08WJMZVDW","فازات ديكور","فازة كريستال دايموند من بوهيميا، مقاس 12 سم - لون شفاف",274.05,,0,2.8,0,55,0,0,0,"https://www.amazon.eg/dp/B08WJMZVDW","https://m.media-amazon.com/images/I/71si5bLgzBL._AC_UL320_.jpg","2026-09-30T07:03:57.701Z"
"B0H1HJMQ37","فازات ديكور","فازة روما 1338 بلاستيك أسطوانية الشكل بملمس مضلع من وينر بلاست، أسود",60.61,,0,5,0,56,0,0,0,"https://www.amazon.eg/dp/B0H1HJMQ37","https://m.media-amazon.com/images/I/41uNCwUQTqL._AC_UL320_.jpg","2026-09-30T07:03:57.701Z"
"B0GF288X36","فازات ديكور","مجموعة فازات عصرية بلمسة مطفية من الفخار يدوي الصنع من كالدا، أبيض، 2 قطعة، 24 سم و18 سم",520,,0,4,0,57,0,0,0,"https://www.amazon.eg/dp/B0GF288X36","https://m.media-amazon.com/images/I/51psThDIN+L._AC_UL320_.jpg","2026-09-30T07:03:57.701Z"
"B0GTNC74R5","فازات ديكور","فازة زهور من الخوص البوهيمي، أصفر، شكل دائري، 27 سم، ديكور منزلي",199,,0,5,0,58,0,0,0,"https://www.amazon.eg/dp/B0GTNC74R5","https://m.media-amazon.com/images/I/61EYYLpPimL._AC_UL320_.jpg","2026-09-30T07:03:57.701Z"
"B09NB1414S","فازات ديكور","فازة دونات بيضاء صغيرة من ريدليج هوم، فازة سيراميك لعشب البامباس، قطعة مركزية لتزيين الطاولة، اكسسوارات غرفة النوم، ديكور غرفة بوهو للمنزل، فازة صغيرة ديكور جمالي لغرفة المعيشة",176,,0,3.1,0,59,0,0,1,"https://www.amazon.eg/dp/B09NB1414S","https://m.media-amazon.com/images/I/511VceKYuSL._AC_UL320_.jpg","2026-09-30T07:03:57.701Z"
"B0DTGMVGB8","فازات ديكور","فازة كبيرة على شكل قوس قزح دهبى",300,,0,3.8,0,60,0,0,0,"https://www.amazon.eg/dp/B0DTGMVGB8","https://m.media-amazon.com/images/I/61gZ74KU9qL._AC_UL320_.jpg","2026-09-30T07:03:57.701Z"
"B0BRSZHDK2","فازات ديكور","طقم مزهريات سيراميك بيج - 3 مزهريات زهور صغيرة للديكور، ديكور منزلي عصري، مزهريات للديكور، مزهرية عشب البامباس، مزهريات زهور مجففة، مزهريات لغرفة المعيشة، رف الطاولة، زينة مركزية",2350,,0,4.5,0,61,0,0,0,"https://www.amazon.eg/dp/B0BRSZHDK2","https://m.media-amazon.com/images/I/61sOqAVp4GL._AC_UL320_.jpg","2026-09-30T07:03:57.701Z"
"B0CLDGYLS8","فازات ديكور","فازة سيراميك بلون بيج من قطعتين فازات زهور على شكل دونات مجوفة مطفية بتصميم عصري بوهو بامباس لتزيين حفلات الزفاف وغرفة المعيشة والمكتب والمدخل وطاولة الطعام والأرفف",284,,0,4.5,0,62,0,0,0,"https://www.amazon.eg/dp/B0CLDGYLS8","https://m.media-amazon.com/images/I/71kCmf6--wL._AC_UL320_.jpg","2026-09-30T07:03:57.701Z"
"B0D6NNZV2X","فازات ديكور","طقم ديكور تجريدي انيق مصنوع يدويا بنسبة 100% من كونكريت (أبيض)",399,,0,2.8,0,63,0,0,0,"https://www.amazon.eg/dp/B0D6NNZV2X","https://m.media-amazon.com/images/I/718cyh-mHPL._AC_UL320_.jpg","2026-09-30T07:03:57.701Z"
"B0FRZCWNT8","فازات ديكور","فازة زخرفية بتصميم أنيق من الرخام الطبيعي، لون بيج",399,,0,5,0,64,0,0,0,"https://www.amazon.eg/dp/B0FRZCWNT8","https://m.media-amazon.com/images/I/51Banhp2v2L._AC_UL320_.jpg","2026-09-30T07:03:57.701Z"
"B0GF2QPTSY","فازات ديكور","فازة فخار عضوية مصنوعة يدويًا، فازات مزخرفة من الطين الطبيعي بنسبة 100% للديكورات الداخلية الريفية والحديثة من مجموعة كالدا سويل لديكور المنزل الفني (مجموعة من قطعتين)",760,,0,,0,65,0,0,0,"https://www.amazon.eg/dp/B0GF2QPTSY","https://m.media-amazon.com/images/I/51s5b0M1EFL._AC_UL320_.jpg","2026-09-30T07:03:57.701Z"
"B0H56WZ67W","فازات ديكور","مزهرية خشبية صغيرة للديكور المنزلي، طقم من قطعتين، لون بني داكن، تصميم أنيق عصري للطاولات",600,,0,,0,66,0,0,0,"https://www.amazon.eg/dp/B0H56WZ67W","https://m.media-amazon.com/images/I/512U-anJerL._AC_UL320_.jpg","2026-09-30T07:03:57.701Z"
"B0F1C6JDN5","فازات ديكور","فازة زهور زجاجية 50 سم، شفافة",465,,0,4.2,0,67,0,0,0,"https://www.amazon.eg/dp/B0F1C6JDN5","https://m.media-amazon.com/images/I/515u+KzOZbL._AC_UL320_.jpg","2026-09-30T07:03:57.701Z"
"B0C2J7CDJT","فازات ديكور","مجموعة مزهريات سيراميك بتصميم دائري مجوف بنمط بوهيمي عصري لديكور المنزل وطاولة السفرة والرفوف أو كقطعة مركزية، للزهور وعشب البامباس، لون ذهبي وأسود، قطعتين",780,,0,4.4,0,68,0,0,0,"https://www.amazon.eg/dp/B0C2J7CDJT","https://m.media-amazon.com/images/I/61K6nnMBcKL._AC_UL320_.jpg","2026-09-30T07:03:57.701Z"
"B0CK7GNP7B","فازات ديكور","مزهرية زجاجية للمنزل والديكور 20 سم (لون اسود شفاف)",450,,0,3.4,0,69,0,0,0,"https://www.amazon.eg/dp/B0CK7GNP7B","https://m.media-amazon.com/images/I/71sJjgEB7hL._AC_UL320_.jpg","2026-09-30T07:03:57.701Z"
"B09TT9QYJK","فازات ديكور","فازة سيراميك لديكور المنزل العصري، فازة عشب بامبا دائرية غير لامعة بنمط بوهو نورديك بسيط لحفلات الزفاف وطاولة العشاء والحفلات وغرفة المعيشة والمكتب وغرفة النوم من كلوفي، مجموعة من 3 قطع",322,,0,4.7,0,70,0,0,0,"https://www.amazon.eg/dp/B09TT9QYJK","https://m.media-amazon.com/images/I/61cF6VHVhuL._AC_UL320_.jpg","2026-09-30T07:03:57.701Z"
"B0C1RTRGNH","فازات ديكور","مجموعة فازات سيراميك سوداء من قطعتين، فازات زهور عصرية مجوفة فريدة من نوعها لديكور المنزل، فازات بنمط بوهو دونات للديكور الاسكندنافي البسيط، ديكور حفلات الزفاف وغرفة الطعام وغرفة المعيشة والمدخل",380,,0,4.2,0,71,0,0,0,"https://www.amazon.eg/dp/B0C1RTRGNH","https://m.media-amazon.com/images/I/71Pvq5MmM7L._AC_UL320_.jpg","2026-09-30T07:03:57.701Z"
"B0GZSZ6PM1","فازات ديكور","فازة بتصميم وجه تجريدي حديث، أصيص نباتات فريد من الخرسانة على شكل رأس، ديكور نورديك مزخرفة للنباتات الداخلية، ديكور منزلي جمالي ومينيمالي لرف غرفة المعيشة أو مكتب العمل أو كهدية، رمادي، 12 سم × 9 سم",199,,0,1,0,72,0,0,0,"https://www.amazon.eg/dp/B0GZSZ6PM1","https://m.media-amazon.com/images/I/61UJo9GhBFL._AC_UL320_.jpg","2026-09-30T07:03:57.701Z"
"B09TZKJ5BG","فازات ديكور","مزهرية زهور عشب البامباس من سيمابت، مزهرية سيراميك بيضاء، مزهرية بيضاء، شكل دائري، مزهريات زهور مجففة عصرية لغرفة المعيشة وديكور المكتب، مزهرية بيج",200,,0,4.6,0,73,0,0,0,"https://www.amazon.eg/dp/B09TZKJ5BG","https://m.media-amazon.com/images/I/71y0wKJHZ0L._AC_UL320_.jpg","2026-09-30T07:03:57.701Z"
"B09BQSVQGQ","فازات ديكور","مزهرية بيضاء على شكل دونات من السيراميك لعشب البامبا لغرفة المعيشة وغرفة النوم، مزهرية زهور مجففة لتزيين الغرفة، مزهرية بوهو ديكور صغير للطاولة وديكور منزلي عصري غير لامع",150,,0,3.1,0,74,0,0,1,"https://www.amazon.eg/dp/B09BQSVQGQ","https://m.media-amazon.com/images/I/81jSRQtnpKL._AC_UL320_.jpg","2026-09-30T07:03:57.701Z"
"B0DS96NCQT","فازات ديكور","مجموعة ديكور تجريدي أنيق مصنوع يدويا بنسبة 100% من الخرسانة، ديكور منزلي عصري فاخر (تصميم دائري، 5 قطع)",589,,0,2.4,0,75,0,0,0,"https://www.amazon.eg/dp/B0DS96NCQT","https://m.media-amazon.com/images/I/61AL8xjTywL._AC_UL320_.jpg","2026-09-30T07:03:57.701Z"
"B0GTZG8B8K","فازات ديكور","مزهرية سيراميك تجريدية مصنوعة يدويا من كالدا - فن فخار عصري مزخرف لديكور المنزل والمكتب - ارتفاع 25 سم",750,,0,5,0,76,0,0,0,"https://www.amazon.eg/dp/B0GTZG8B8K","https://m.media-amazon.com/images/I/41XF4l84ATL._AC_UL320_.jpg","2026-09-30T07:03:57.701Z"
"B0DZ6QY6VZ","فازات ديكور","فازة ستورم من بورلاند- 15 سم",207.1,,0,5,0,77,0,0,0,"https://www.amazon.eg/dp/B0DZ6QY6VZ","https://m.media-amazon.com/images/I/518xuFt9scL._AC_UL320_.jpg","2026-09-30T07:03:57.701Z"
"B0D9QYC1BY","فازات ديكور","مزهريه سيراميك ديكور الاسكندنافي فازات سيراميك لديكور المنزل فازة زجزاج عشب البامباس والزهور الاصطناعية، ديكور بوهو لغرفة المعيشة وقطعة مركزية للترابيزة وغرفة الطعام وغرفة النوم والرف",280,,0,4.1,0,78,0,0,0,"https://www.amazon.eg/dp/B0D9QYC1BY","https://m.media-amazon.com/images/I/51K3gWemd8L._AC_UL320_.jpg","2026-09-30T07:03:57.701Z"
"B0CM1GZ8MB","فازات ديكور","مزهريات زجاجية اسكندنافية لديكور المنزل، مزهرية باطار معدني من الحديد، حامل زهور، حامل معدني، حامل نباتات مزهرية لغرفة المعيشة والمكتب بنمط فلامنجو",250,,0,4,0,79,0,0,0,"https://www.amazon.eg/dp/B0CM1GZ8MB","https://m.media-amazon.com/images/I/61oFYF5qe1L._AC_UL320_.jpg","2026-09-30T07:03:57.701Z"
"B0D7X3WNFY","فازات ديكور","تراى قوس قزح للديكور او منظم لادوات التجميل والشموع (اوف وايت)، خرسانة",218,,0,3.7,0,80,0,0,0,"https://www.amazon.eg/dp/B0D7X3WNFY","https://m.media-amazon.com/images/I/51SDmcuhiDL._AC_UL320_.jpg","2026-09-30T07:03:57.701Z"
"B0DQF2M6D9","فازات ديكور","فازة سيراميك للزهور من دوناك بتصميم فني عصري 23 سم، علبة زهور محمولة باليد ومزخرفة للمنزل والغرفة والطاولة وديكور المكتب (أبيض وبني)",341,,0,3.8,0,81,0,0,0,"https://www.amazon.eg/dp/B0DQF2M6D9","https://m.media-amazon.com/images/I/41l35bk6x7L._AC_UL320_.jpg","2026-09-30T07:03:57.701Z"
"B0DH8GJ1XV","فازات ديكور","فازة ديكو رمكونة من 3 قطع مصنوعة من الزجاج مناسب لجميع انماط الديكور لعشب البامباس والزهور المجففة، اكسسوار ديكور مناسب لغرفة المعيشة وغرفة النوم والمنزل بشكل مودرن (ابيض*دهبى)",370,,0,2.7,0,82,0,0,0,"https://www.amazon.eg/dp/B0DH8GJ1XV","https://m.media-amazon.com/images/I/416ec1A6TDL._AC_UL320_.jpg","2026-09-30T07:03:57.701Z"
"B0DH8GQ5BD","فازات ديكور","فازة ديكور مكونة من 3 قطع مصنوعة من الزجاج مناسب لجميع انماط الديكور لعشب البامباس والزهور المجففة، اكسسوار ديكور مناسب لغرفة المعيشة وغرفة النوم والمنزل بشكل مودرن (اسود * دهبى)",370,,0,3.7,0,83,0,0,0,"https://www.amazon.eg/dp/B0DH8GQ5BD","https://m.media-amazon.com/images/I/51kSzgDldcL._AC_UL320_.jpg","2026-09-30T07:03:57.701Z"
"B0FJH68YDY","فازات ديكور","طقم فازة وجه 2 قطعة (ذهبي، مقاس كبير)",590,,0,1,0,84,0,0,0,"https://www.amazon.eg/dp/B0FJH68YDY","https://m.media-amazon.com/images/I/71DS7HTcBzL._AC_UL320_.jpg","2026-09-30T07:03:57.701Z"
"B0CGR6K2F4","فازات ديكور","مجموعة فازات من السيراميك مكون من 2 قطعة لعشب البامباس بتصميم دائري مطفي بطابع بوهيمي بنمط نورديك بسيط مناسبة لديكور المنزل وغرفة المعيشة وغرفة النوم ورفوف الديكور، لون أبيض، من زورمون",550,,0,4.8,0,85,0,0,0,"https://www.amazon.eg/dp/B0CGR6K2F4","https://m.media-amazon.com/images/I/817hTmTlNDL._AC_UL320_.jpg","2026-09-30T07:03:57.701Z"
"B0GHT4BVPY","فازات ديكور","مزهرية زجاجية شفافة، تصميم مضلع عصري، ديكور منزلي، مناسبة للورود والزهور 20 سم",330,,0,,0,86,0,0,0,"https://www.amazon.eg/dp/B0GHT4BVPY","https://m.media-amazon.com/images/I/41jw4mvxfvL._AC_UL320_.jpg","2026-09-30T07:03:57.701Z"
"B0CK7HPM18","فازات ديكور","مزهرية زجاجية للمنزل والديكور 20 سم (فوشيا)",350,,0,3.5,0,87,0,0,0,"https://www.amazon.eg/dp/B0CK7HPM18","https://m.media-amazon.com/images/I/71wjihv5oyL._AC_UL320_.jpg","2026-09-30T07:03:57.701Z"
"B0GY5Z1LLD","فازات ديكور","مجموعة فازات عصرية من السيراميك بتصميم دونات مجوف، فازات زهور نورديك بسيطة مزخرفة لعشب البامبا والزهور المجففة، ديكور منزلي بوهو أنيق لغرفة المعيشة والطاولة والرف، رمادي، 2 قطعة",300,,0,3.3,0,88,0,0,0,"https://www.amazon.eg/dp/B0GY5Z1LLD","https://m.media-amazon.com/images/I/51hKWnLo5BL._AC_UL320_.jpg","2026-09-30T07:03:57.701Z"
"B0FQLTWWV6","فازات ديكور","فازة من بلوم – فازة ديكور عصرية لتزيين المنزل وغرفة المعيشة وغرفة النوم والمكتب – تصميم دوامات تجريدي فريد (أخضر الزيتوني)",449,,0,5,0,89,0,0,0,"https://www.amazon.eg/dp/B0FQLTWWV6","https://m.media-amazon.com/images/I/81I9IZA9ldL._AC_UL320_.jpg","2026-09-30T07:03:57.701Z"
"B0GDNF3WX1","فازات ديكور","مزهرية زجاجية شفافة، شكل أسطواني، ديكور منزلي كلاسيكي",375,,0,,0,90,0,0,0,"https://www.amazon.eg/dp/B0GDNF3WX1","https://m.media-amazon.com/images/I/21oGPHwXFvL._AC_UL320_.jpg","2026-09-30T07:03:57.701Z"
"B0H7PWS1SM","فازات ديكور","مزهرية ارضية منسوجة من الراتان، مزهرية كبيرة مزخرفة يدوية الصنع 45 سم",500,,0,,0,91,0,0,0,"https://www.amazon.eg/dp/B0H7PWS1SM","https://m.media-amazon.com/images/I/41Q9Y34ro+L._AC_UL320_.jpg","2026-09-30T07:03:57.701Z"
"B0FKWM7T27","فازات ديكور","فازة سيراميك عصرية بتصميم مضلع متطور ولون أبيض نقي لديكور المنزل العصري",299,,0,3.6,0,92,0,0,0,"https://www.amazon.eg/dp/B0FKWM7T27","https://m.media-amazon.com/images/I/51Dk5O91AiL._AC_UL320_.jpg","2026-09-30T07:03:57.701Z"
"B0GPKV7YHZ","فازات ديكور","فازة سيراميك عصرية لديكور غرفة المعيشة وطاولة الطعام، من Next Store مزهرية فنية للمكتب والفنادق والمنزل، قطعة ديكور راقية مقاس 23.5×14.5 سم (ازرق)",158,,0,3,0,93,0,0,0,"https://www.amazon.eg/dp/B0GPKV7YHZ","https://m.media-amazon.com/images/I/41eFUCYQbUL._AC_UL320_.jpg","2026-09-30T07:03:57.701Z"
"B0C5412WDB","فازات ديكور","فازة زجاجية منتجات ديكور المنزل بارتفاع 26 سم متعددة الالوان (اسود)",400,,0,4.1,0,94,0,0,0,"https://www.amazon.eg/dp/B0C5412WDB","https://m.media-amazon.com/images/I/7169Nh5xXfL._AC_UL320_.jpg","2026-09-30T07:03:57.701Z"
"B0D3QQTR57","فازات ديكور","فازة منحوتة ومصنوعة يدويًا بتصميم دائري على شكل دونات، فازة عشب البامباس المجفف والزهور المجففة، فازة صغيرة بنمط بوهيمي لديكور غرفة المعيشة وغرفة النوم والمنزل العصري (اوف وايت)",329,,0,2.5,0,95,0,0,0,"https://www.amazon.eg/dp/B0D3QQTR57","https://m.media-amazon.com/images/I/61iIsOWLU2L._AC_UL320_.jpg","2026-09-30T07:03:57.701Z"
"B0BRWV5G8T","فازات ديكور","مزهرية حلقية بيضاء من سيراميك شوب | مزهرية زهور | مزهرية عشب البامباس | مزهرية دائرية الشكل | قطعة مركزية لديكور المنزل | مزهرية دونات - (مجموعة من 3 قطع) 8.6 و4 انش",337.82,,0,3,0,96,0,0,0,"https://www.amazon.eg/dp/B0BRWV5G8T","https://m.media-amazon.com/images/I/71SFdC-YOgL._AC_UL320_.jpg","2026-09-30T07:03:57.701Z"
"B09MTGGJY7","نباتات صناعية","نبات صناعي من دير روز بارتفاع 16.51-17.78 سم، 6 قطع، يوكاليبتوس، متنوع، أبيض-أخضر",85,,0,3.1,0,1,0,0,1,"https://www.amazon.eg/dp/B09MTGGJY7","https://m.media-amazon.com/images/I/81L6ThJJj9L._AC_UL320_.jpg","2026-09-30T07:03:57.701Z"
"B091647KGL","نباتات صناعية","نبات صناعي من ووهونلاين بمقاس 9 سم عرض × 8 سم ارتفاع، قطعة واحدة، باللون الأخضر",213,,0,4,0,2,0,0,0,"https://www.amazon.eg/dp/B091647KGL","https://m.media-amazon.com/images/I/715DqNY9egL._AC_UL320_.jpg","2026-09-30T07:03:57.701Z"
"B00A9JZLLU","نباتات صناعية","شجرة اصطناعية من نيرلي ناتشورال بمقاس 91 سم مع فيكس وأصيص أسود وتربة صناعية، أخضر",188,,0,2.9,0,3,0,0,1,"https://www.amazon.eg/dp/B00A9JZLLU","https://m.media-amazon.com/images/I/71RdMEybnKL._AC_UL320_.jpg","2026-09-30T07:03:57.701Z"
"B0BFWHZ83H","نباتات صناعية","شجرة اصطناعية من آفايجوي بمقاس 1.2 متر مع شجرة فيكس وأصيص إسمنت وزخرفة طحلب، أخضر",177,,0,3.4,0,4,0,0,0,"https://www.amazon.eg/dp/B0BFWHZ83H","https://m.media-amazon.com/images/I/8144gyRbBuL._AC_UL320_.jpg","2026-09-30T07:03:57.701Z"
"B0BZ8593CB","نباتات صناعية","Der Rose 6 Pack Small Fake Plants Artificial Potted Plants in Black Pot for Home Office Farmhouse Bathroom Shelf Decor Indoor",83,,0,2.9,0,5,0,0,0,"https://www.amazon.eg/dp/B0BZ8593CB","https://m.media-amazon.com/images/I/81xr8w9jJbL._AC_UL320_.jpg","2026-09-30T07:03:57.701Z"
"B09F9MM8MQ","نباتات صناعية","نبات صناعي من ووهونلاين بمقاس 65 سم، قطعتين، كرمة معلقة، باللون الأخضر",304,,0,4,0,6,0,0,0,"https://www.amazon.eg/dp/B09F9MM8MQ","https://m.media-amazon.com/images/I/81W0LtL-moL._AC_UL320_.jpg","2026-09-30T07:03:57.701Z"
"B0DF7RF4KX","نباتات صناعية","شجرة اصطناعية من إفسوهوي بمقاس 91 سم مع شجرة نخيل صناعية وأصيص أسود، أسود بلانتر",488,,0,4.3,0,7,0,0,0,"https://www.amazon.eg/dp/B0DF7RF4KX","https://m.media-amazon.com/images/I/81b5O-DhWbL._AC_UL320_.jpg","2026-09-30T07:03:57.701Z"
"B0FZWZ4CF2","نباتات صناعية","شجرة اصطناعية من ليون هوم بمقاس 165 سم مع جذع خشبي وأوراق بلاستيكية وحصى وأصيص، أبيض",450,,0,4.2,0,8,0,0,0,"https://www.amazon.eg/dp/B0FZWZ4CF2","https://m.media-amazon.com/images/I/618CBira0eL._AC_UL320_.jpg","2026-09-30T07:03:57.701Z"
"B0GFMYQMZ1","نباتات صناعية","نباتات خيزران صناعية، شجرة خيزران صناعية بارتفاع 2 متر مع أصيص بلون أبيض وسيقان من خشب طبيعي، نباتات زينة حريرية صناعية واقعية في أصيص لديكور المنزل والمكتب الداخلي من فيري ناتشورال",899,,0,4,0,9,0,0,0,"https://www.amazon.eg/dp/B0GFMYQMZ1","https://m.media-amazon.com/images/I/71D-0IyRsEL._AC_UL320_.jpg","2026-09-30T07:03:57.701Z"
"B0FPQSFDJP","نباتات صناعية","شجرة اصطناعية من بلاين بمقاس 180 سم مع أصيص، أخضر",555,,0,4,0,10,0,0,0,"https://www.amazon.eg/dp/B0FPQSFDJP","https://m.media-amazon.com/images/I/61gBGs0YU6L._AC_UL320_.jpg","2026-09-30T07:03:57.701Z"
"B088GM4HCB","نباتات صناعية","شجرة اصطناعية من تووبيفاي بمقاس 71 سم مع نبات صناعي وأصيص، كوفي",204.25,,0,3.6,0,11,0,0,0,"https://www.amazon.eg/dp/B088GM4HCB","https://m.media-amazon.com/images/I/817ojrNxHHL._AC_UL320_.jpg","2026-09-30T07:03:57.701Z"
"B0B219MZBV","نباتات صناعية","شجرة صناعية، شجرة نخيل أريكا بارتفاع 1.20 متر، شجرة نخيل كنتيا استوائية مزيفة للاستخدام الداخلي والخارجي في المنزل من رومودين",477,,0,3.2,0,12,0,0,0,"https://www.amazon.eg/dp/B0B219MZBV","https://m.media-amazon.com/images/I/71Yqhc3C28L._AC_UL320_.jpg","2026-09-30T07:03:57.701Z"
"B09WLB4RTB","نباتات صناعية","ونلاين نباتات صناعية معلقة مع اوعية لديكور المنزل وغرفة النوم والجدار والحديقة من 3 قطع، أخضر",405,,0,4,0,13,0,0,0,"https://www.amazon.eg/dp/B09WLB4RTB","https://m.media-amazon.com/images/I/81UVbJ7B5BL._AC_UL320_.jpg","2026-09-30T07:03:57.701Z"
"B0869KLX5W","نباتات صناعية","نبات صناعي من هونلاين بمقاس 23 سم × 8 سم، قطعتان، يوكاليبتوس و الصبار و خشب البقس، أخضر",54.98,,0,3,0,14,0,0,0,"https://www.amazon.eg/dp/B0869KLX5W","https://m.media-amazon.com/images/I/81IwR0w4yjL._AC_UL320_.jpg","2026-09-30T07:03:57.701Z"
"B0BCFGNQKK","نباتات صناعية","شجرة اللبخ الصناعية بطول 1.5 متر من جتايدا، نباتات صناعية طويلة للاستخدام الداخلي مع جذع طبيعي وشجرة حريرية صناعية للاستخدام الخارجي والشرفة وغرفة المعيشة والمكتب وديكور المنزل (يشمل الطحلب)",309,,0,3,0,15,0,0,0,"https://www.amazon.eg/dp/B0BCFGNQKK","https://m.media-amazon.com/images/I/71w5fTyk-pL._AC_UL320_.jpg","2026-09-30T07:03:57.701Z"
"B08T1F3YSJ","نباتات صناعية","نبات صناعي من آرتسي بمقاس 55 سم، قطعتين، زهر الكرز، أبيض",199.5,,0,4.1,0,16,0,0,1,"https://www.amazon.eg/dp/B08T1F3YSJ","https://m.media-amazon.com/images/I/71YZ5lRGLYL._AC_UL320_.jpg","2026-09-30T07:03:57.701Z"
"B081H3XNKY","نباتات صناعية","نبات اللبلاب الصناعي بطول 2 متر مع 20 مصباح ليد خيالية من ماجيين، نباتات ذات أوراق خضراء للهالوين والكريسماس والحديقة والمكتب وحفلات الزفاف والزينة المعلقة على الحائط",101,,0,3.4,0,17,0,0,1,"https://www.amazon.eg/dp/B081H3XNKY","https://m.media-amazon.com/images/I/51oyno+1QAS._AC_UL320_.jpg","2026-09-30T07:03:57.701Z"
"B0BBF2HFY6","نباتات صناعية","نبات صناعي من يوراتي بمقاس 18 سم × 7 سم، 6 قطع، زهور، تشكيلة متنوعة، متعدد الألوان",279.99,,0,4.2,0,18,0,0,0,"https://www.amazon.eg/dp/B0BBF2HFY6","https://m.media-amazon.com/images/I/71-A2L6bF6L._AC_UL320_.jpg","2026-09-30T07:03:57.701Z"
"B077WV2SDC","نباتات صناعية","ليف شجرة اللبخ الاصطناعية 7088 تصميم المملكة المتحدة 90 سم / نبات كبير على شكل وعاء بلاستيكي اسود كثيف اخضر من ليف",199,,0,3.9,0,19,0,0,0,"https://www.amazon.eg/dp/B077WV2SDC","https://m.media-amazon.com/images/I/61jrBhshlwL._AC_UL320_.jpg","2026-09-30T07:03:57.701Z"
"B07PVYF9GX","نباتات صناعية","شجرة اصطناعية من ووفير بمقاس 1.98 متر، شجرة فيكس صناعية مع أوراق وجذع، أخضر",350,,0,3.5,0,20,0,0,0,"https://www.amazon.eg/dp/B07PVYF9GX","https://m.media-amazon.com/images/I/71Lsa-MZbTL._AC_UL320_.jpg","2026-09-30T07:03:57.701Z"
"B09959WC8L","نباتات صناعية","دير روز 6 عبوات من نباتات الاوكالبتوس الصناعية الصغيرة في اصيص لديكور غرفة النوم وغرفة المعيشة، رمادي",100,,0,4.4,0,21,0,0,0,"https://www.amazon.eg/dp/B09959WC8L","https://m.media-amazon.com/images/I/71FvDRpAg+L._AC_UL320_.jpg","2026-09-30T07:03:57.701Z"
"B0H3L5FGZY","نباتات صناعية","نبات صناعي معلق بمقاس 70سم طول مع أصيص 9سم، قطعة واحدة، تصميم شلال، باللون الأخضر",285.6,,0,5,0,22,0,0,0,"https://www.amazon.eg/dp/B0H3L5FGZY","https://m.media-amazon.com/images/I/51Km-y7HxcL._AC_UL320_.jpg","2026-09-30T07:03:57.701Z"
"B08M5KPVPY","نباتات صناعية","توبيفاي شجرة نخيل اصطناعية، نباتات صناعية كبيرة 19 انش في وعاء للديكور الداخلي والخارجي للمنزل والمكتب ,",194.25,,0,3.6,0,23,0,0,0,"https://www.amazon.eg/dp/B08M5KPVPY","https://m.media-amazon.com/images/I/81CGPq7dhlL._AC_UL320_.jpg","2026-09-30T07:03:57.701Z"
"B0BQQD4S66","نباتات صناعية","شجرة اصطناعية من جلوكلوز بمقاس 120 سنتيمتر مع شجرة فيكس صناعية وأصيص بلاستيكي، أخضر",190,,0,3.4,0,24,0,0,0,"https://www.amazon.eg/dp/B0BQQD4S66","https://m.media-amazon.com/images/I/71Oh9rPej7L._AC_UL320_.jpg","2026-09-30T07:03:57.701Z"
"B07ZVNDQTP","نباتات صناعية","شجرة اصطناعية من أفياس بمقاس 91 سم مع شجرة فيكس صناعية وأصيص بلاستيكي، أخضر",210.5,,0,3.6,0,25,0,0,0,"https://www.amazon.eg/dp/B07ZVNDQTP","https://m.media-amazon.com/images/I/71cu9XYeomL._AC_UL320_.jpg","2026-09-30T07:03:57.701Z"
"B07CPFRTJQ","نباتات صناعية","نبات صناعي من جوتيف بمقاس 12 حزمة، 12 قطعة، لبلاب، أخضر",204.95,,0,4,0,26,0,0,0,"https://www.amazon.eg/dp/B07CPFRTJQ","https://m.media-amazon.com/images/I/81pbUh7OIoL._AC_UL320_.jpg","2026-09-30T07:03:57.701Z"
"B0DS68ZYL9","نباتات صناعية","ال اي ال اي اي نباتات صناعية صغيرة بوعاء، 8 قطع من نباتات الاوكالبتوس الصغيرة المزخرفة مع زهور لديكور المنزل والمكتب والرفوف وتزيين الطاولة",400,,0,4.4,0,27,0,0,0,"https://www.amazon.eg/dp/B0DS68ZYL9","https://m.media-amazon.com/images/I/816HBDEstzL._AC_UL320_.jpg","2026-09-30T07:03:57.701Z"
"B0B66S68VT","نباتات صناعية","شجرة اصطناعية من جاردن هاب بمقاس 91 سم مع أصيص، أخضر",249,,0,3.3,0,28,0,0,0,"https://www.amazon.eg/dp/B0B66S68VT","https://m.media-amazon.com/images/I/71yfQs9lh6L._AC_UL320_.jpg","2026-09-30T07:03:57.701Z"
"B0BZ83V651","نباتات صناعية","أصيص نباتات صناعية صغيرة ، في أسود ديكور للمنزل والمكتب والحمام من دير روز قطعتين عدد القطع: 2",62.88,,0,3.5,0,29,0,0,0,"https://www.amazon.eg/dp/B0BZ83V651","https://m.media-amazon.com/images/I/71AbhVCB8lL._AC_UL320_.jpg","2026-09-30T07:03:57.701Z"
"B0DTPP7VWN","نباتات صناعية","شجرة اصطناعية من GTIDEA بمقاس 1.83 متر مع 2 أشجار فيكس صناعية و2 أصص سوداء، أخضر",636,,0,3.6,0,30,0,0,0,"https://www.amazon.eg/dp/B0DTPP7VWN","https://m.media-amazon.com/images/I/81QjGnbRRrL._AC_UL320_.jpg","2026-09-30T07:03:57.701Z"
"B0BZ85D7QX","نباتات صناعية","مجموعة من 4 نباتات صناعية صغيرة من دير روز، نباتات صناعية صغيرة للاستخدام الداخلي للحمام وديكور غرفة المزرعة والطاولة",74,,0,3.8,0,31,0,0,0,"https://www.amazon.eg/dp/B0BZ85D7QX","https://m.media-amazon.com/images/I/81dA2EUYQgL._AC_UL320_.jpg","2026-09-30T07:03:57.701Z"
"B0C6Y2X3TJ","نباتات صناعية","شجرة اصطناعية من ساور ليمون إياموموا بمقاس 71 سم مع شجرة مونستيرا صناعية وأصيص، أخضر",410,,0,4.1,0,32,0,0,0,"https://www.amazon.eg/dp/B0C6Y2X3TJ","https://m.media-amazon.com/images/I/71jMNU6tWdL._AC_UL320_.jpg","2026-09-30T07:03:57.701Z"
"B07RS1S6PB","نباتات صناعية","9 قطع من زهور التنفس الصناعي بسيقان طويلة ذات ملمس حقيقي من نوع جيبسوفييلا لتزيين المنزل والمكتب والأماكن الداخلية والخارجية وحفلات الزفاف والأثاث الاحتفالي، باللون الأبيض",350,,0,4.3,0,33,0,0,0,"https://www.amazon.eg/dp/B07RS1S6PB","https://m.media-amazon.com/images/I/71K98MnMTRL._AC_UL320_.jpg","2026-09-30T07:03:57.701Z"
"B0H66FQ3W3","نباتات صناعية","نبات صناعي فاخر للديكور المنزلي بتصميم عصري وأوراق واقعية داخل أصيص أنيق يضيف لمسة جمال وأناقة لغرفة المعيشة والمكتب والاستقبال الحديثة شجره صناعيه فاكره للمنزل والمكاتب",699,,0,,0,34,0,0,0,"https://www.amazon.eg/dp/B0H66FQ3W3","https://m.media-amazon.com/images/I/71UCol6wIvL._AC_UL320_.jpg","2026-09-30T07:03:57.701Z"
"B07QGK6BRJ","نباتات صناعية","شجرة اصطناعية من سبيتيبو بمقاس 115 سم مع نبات خيزران اصطناعي وأصيص زهور أسود، أخضر",499,,0,4.3,0,35,0,0,0,"https://www.amazon.eg/dp/B07QGK6BRJ","https://m.media-amazon.com/images/I/71WluDTZf4L._AC_UL320_.jpg","2026-09-30T07:03:57.701Z"
"B0BRYHCC7Y","نباتات صناعية","نبات اوكالبتوس بلاستيكية اصطناعية بقصرية، نباتات منزلية صغيرة داخل أصيص، نباتات صناعية صغيرة لديكور المنزل والحمام والمكتب والمزرعة من ديكورلي، مجموعة من 2 قطعة",61,,0,4.2,0,36,0,0,0,"https://www.amazon.eg/dp/B0BRYHCC7Y","https://m.media-amazon.com/images/I/71cNJUkcgWL._AC_UL320_.jpg","2026-09-30T07:03:57.701Z"
"B00L29N9II","نباتات صناعية","شجرة اصطناعية من بلومينج أرتيفيشال بمقاس 180 سم مع شجرة فيكس صناعي وأصيص، أخضر",499,,0,3.7,0,37,0,0,0,"https://www.amazon.eg/dp/B00L29N9II","https://m.media-amazon.com/images/I/71TZtIy0QvL._AC_UL320_.jpg","2026-09-30T07:03:57.701Z"
"B0F2N7JRL2","نباتات صناعية","نبات صناعي من فينتو بمقاس 5 x 15 x 5 سم، عبوة من 4 قطع، خضرة صناعية، خضرة، متنوع الألوان",90,,0,4.5,0,38,0,0,0,"https://www.amazon.eg/dp/B0F2N7JRL2","https://m.media-amazon.com/images/I/61qsSM7pihL._AC_UL320_.jpg","2026-09-30T07:03:57.701Z"
"B091CTRKX3","نباتات صناعية","شجيرات مزهرة - باقة زهور صناعىة _ 17 فرع، ابيض",104,,0,3.8,0,39,0,0,0,"https://www.amazon.eg/dp/B091CTRKX3","https://m.media-amazon.com/images/I/71MMra8zjrL._AC_UL320_.jpg","2026-09-30T07:03:57.701Z"
"B0HFK62QP8","نباتات صناعية","نبات شجيرة صنوبر صناعي بوعاء | نبات شجر السرو الصناعي في وعاء بيج | نبات نابض بالحياة لسطح الطاولة لديكور المكتب ورفوف المنزل وعتبة النافذة وغرفة المعيشة",175.12,,0,,0,40,0,0,1,"https://www.amazon.eg/dp/B0HFK62QP8","https://m.media-amazon.com/images/I/61F67K3nPgL._AC_UL320_.jpg","2026-09-30T07:03:57.701Z"
"B0H57B6CTD","نباتات صناعية","شجرة اصطناعية بمقاس كبير، أخضر",649,,0,3.5,0,41,0,0,0,"https://www.amazon.eg/dp/B0H57B6CTD","https://m.media-amazon.com/images/I/71aqdRkX4JL._AC_UL320_.jpg","2026-09-30T07:03:57.701Z"
"B0H668ZS1H","نباتات صناعية","نبات صناعي بتصميم شكل 1 باللون الأخضر",195,,0,4.6,0,42,0,0,0,"https://www.amazon.eg/dp/B0H668ZS1H","https://m.media-amazon.com/images/I/818QHmBFN6L._AC_UL320_.jpg","2026-09-30T07:03:57.701Z"
"B0BCJQQXLM","نباتات صناعية","شجرة اصطناعية من كازيلا بمقاس 120 سنتيمتر مع شجرة فيكس وأصيص بلاستيك أسود بحشوة إسمنتية، أخضر",164.98,,0,3,0,43,0,0,0,"https://www.amazon.eg/dp/B0BCJQQXLM","https://m.media-amazon.com/images/I/81a+gsMaufL._AC_UL320_.jpg","2026-09-30T07:03:57.701Z"
"B0GC5Z1GCJ","نباتات صناعية","شجرة اصطناعية من موسبوت بمقاس 180سم مع شجرة زيتون وأصيص زهور وطحلب، أخضر",1499,,0,4.1,0,44,0,0,0,"https://www.amazon.eg/dp/B0GC5Z1GCJ","https://m.media-amazon.com/images/I/71gFNiGSZ3L._AC_UL320_.jpg","2026-09-30T07:03:57.701Z"
"B07R9Q55G3","نباتات صناعية","14 قطعة من اوراق اللبلاب الصناعية من ونكا سيور بطول 96 قدم، اكليل نباتات خضراء معلقة لغرفة النوم وديكور الحائط وحفلات الزفاف وغرفة الاشياء الجمالية",227,,0,4.5,0,45,0,0,0,"https://www.amazon.eg/dp/B07R9Q55G3","https://m.media-amazon.com/images/I/91H5wuOS1kL._AC_UL320_.jpg","2026-09-30T07:03:57.701Z"
"B0GVKN2THM","نباتات صناعية","زهور صناعية فاخرة G-1000 من هوم كير بتصميم واقعي من الحرير لتزيين المنزل والمكتب الذي لا يتأثر بمرور الزمن",290.63,,0,,0,46,0,0,0,"https://www.amazon.eg/dp/B0GVKN2THM","https://m.media-amazon.com/images/I/51n+iVteghL._AC_UL320_.jpg","2026-09-30T07:03:57.701Z"
"B0CYZ9899B","نباتات صناعية","نبات صناعي من آيفوريوي بمقاس 80 سنتيمتر، قطعة واحدة، نخيل، باللون الأخضر",499,,0,3.4,0,47,0,0,0,"https://www.amazon.eg/dp/B0CYZ9899B","https://m.media-amazon.com/images/I/71UFKMPbZAL._AC_UL320_.jpg","2026-09-30T07:03:57.701Z"
"B0BFZQDR65","نباتات صناعية","شجرة اصطناعية من آفايجوي بمقاس 1.2 متر و 1.5 متر (2 حزمة) مع أصيص، أخضر",466,,0,4.7,0,48,0,0,0,"https://www.amazon.eg/dp/B0BFZQDR65","https://m.media-amazon.com/images/I/81ed6VmrbNL._AC_UL320_.jpg","2026-09-30T07:03:57.701Z"
"B07WRZ97Q1","نباتات صناعية","نبات صناعي من ونكا بطول 210 سم، قطعتين، متسلق، ورقة خضراء، أخضر",75,,0,3.8,0,49,0,0,0,"https://www.amazon.eg/dp/B07WRZ97Q1","https://m.media-amazon.com/images/I/71vnvl1kQIL._AC_UL320_.jpg","2026-09-30T07:03:57.701Z"
"B0DGL8HFPV","نباتات صناعية","شجرة اصطناعية من كيبلش بمقاس 213 سم مع شجرة فيكس صناعية وأصيص غراس أبيض، أبيض أصيص",690,,0,3.8,0,50,0,0,0,"https://www.amazon.eg/dp/B0DGL8HFPV","https://m.media-amazon.com/images/I/71qfcAt+hjL._AC_UL320_.jpg","2026-09-30T07:03:57.701Z"
"B0DMNR4P8N","نباتات صناعية","نبات صناعي من فيولهاوز بطول 84 سم، 3 قطع، يوكاليبتوس، باللون الأخضر",500,,0,4.2,0,51,0,0,0,"https://www.amazon.eg/dp/B0DMNR4P8N","https://m.media-amazon.com/images/I/716r1+dn5PL._AC_UL320_.jpg","2026-09-30T07:03:57.701Z"
"B0C4GDDPH4","نباتات صناعية","نبات صناعي من هوليوان بمقاس 37 سم، نوع مونستيرا",298,,0,3.9,0,52,0,0,0,"https://www.amazon.eg/dp/B0C4GDDPH4","https://m.media-amazon.com/images/I/71KxJHXYSVL._AC_UL320_.jpg","2026-09-30T07:03:57.701Z"
"B08L97H7QH","نباتات صناعية","شجرة اصطناعية من ورث جاردن بمقاس 122 سم، نخلة صناعية مع أصيص، أخضر",499,,0,3.9,0,53,0,0,0,"https://www.amazon.eg/dp/B08L97H7QH","https://m.media-amazon.com/images/I/71kdeOdN0jS._AC_UL320_.jpg","2026-09-30T07:03:57.701Z"
"B09LVBR3HW","نباتات صناعية","شجرة اصطناعية من ووفير بمقاس 1.83 متر مع أصيص أسود، أخضر",390,,0,3.4,0,54,0,0,0,"https://www.amazon.eg/dp/B09LVBR3HW","https://m.media-amazon.com/images/I/71FBaJocjKL._AC_UL320_.jpg","2026-09-30T07:03:57.701Z"
"B0812D3WCY","نباتات صناعية","شجرة اصطناعية من زايدنبلومن روس بمقاس 180 سم (الارتفاع) × 90-110 سم (العرض) مع أصيص بلاستيك وقاعدة إسمنت، أخضر",799,,0,3.9,0,55,0,0,0,"https://www.amazon.eg/dp/B0812D3WCY","https://m.media-amazon.com/images/I/71TZBnWJPuL._AC_UL320_.jpg","2026-09-30T07:03:57.701Z"
"B0CVVQ7FVY","نباتات صناعية","شجرة اصطناعية من ناينهوم بمقاس 61 سم، شجرة فيكس مع أصيص، أخضر",173,,0,4.1,0,56,0,0,1,"https://www.amazon.eg/dp/B0CVVQ7FVY","https://m.media-amazon.com/images/I/71psF9A5+sL._AC_UL320_.jpg","2026-09-30T07:03:57.701Z"
"B0HFC5GHMQ","نباتات صناعية","نباتات صناعية مع وعاء من السيراميك، نباتات صناعية داخلية، زهور نباتية صناعية لتزيين الطاولة المركزية وغرفة الطعام وديكور المنزل وغرفة المعيشة والحمام وديكور المزرعة الحديث (بيج) 25 × 10",348.5,,0,,0,57,0,0,1,"https://www.amazon.eg/dp/B0HFC5GHMQ","https://m.media-amazon.com/images/I/71R0zU0c6-L._AC_UL320_.jpg","2026-09-30T07:03:57.701Z"
"B0CT2KW592","نباتات صناعية","شجرة اصطناعية من أندتوي بمقاس 120 سم مع أوراق موز وطيور واقعية وأصيص بلاستيك، أخضر",950,,0,4.2,0,58,0,0,0,"https://www.amazon.eg/dp/B0CT2KW592","https://m.media-amazon.com/images/I/61jbpIvixRL._AC_UL320_.jpg","2026-09-30T07:03:57.701Z"
"B0BKRG8BTK","نباتات صناعية","كازدلا نبات اللبخ الاصطناعي بطول 120 سم، شجرة اللبخ البلاستيكية الاصطناعية في وعاء ابيض لتزيين المنزل (عبوة واحدة)",299,,0,2.7,0,59,0,0,0,"https://www.amazon.eg/dp/B0BKRG8BTK","https://m.media-amazon.com/images/I/71ScxaQNgRL._AC_UL320_.jpg","2026-09-30T07:03:57.701Z"
"B0GJV59S63","نباتات صناعية","نبات صناعي بمقاس 45 سم، 6 قطع، زهور وردية، زنبق، وردي",290,,0,4.2,0,60,0,0,0,"https://www.amazon.eg/dp/B0GJV59S63","https://m.media-amazon.com/images/I/51tTHPHatbL._AC_UL320_.jpg","2026-09-30T07:03:57.701Z"
"B0B8MSRXTJ","نباتات صناعية","شجرة اصطناعية من دير روز بمقاس 18×12 سم مع 6 نباتات صناعية في أصص ومزهريات، يوكاليبتوس أخضر",91,,0,2.9,0,61,0,0,0,"https://www.amazon.eg/dp/B0B8MSRXTJ","https://m.media-amazon.com/images/I/81Fpfcu79EL._AC_UL320_.jpg","2026-09-30T07:03:57.701Z"
"B0B1DBSLF3","نباتات صناعية","نبات صناعي من آوكي بحجم صغير، 8 قطع، يوكاليبتوس، باللون الأخضر مع أصيص أسود",249.99,,0,4.4,0,62,0,0,0,"https://www.amazon.eg/dp/B0B1DBSLF3","https://m.media-amazon.com/images/I/81DGmZ+-OuL._AC_UL320_.jpg","2026-09-30T07:03:57.701Z"
"B0HD7RFBQJ","نباتات صناعية","شجرة أوركيد صناعية بيضاء ديكور منزلي فاخر مزهرية أرضية أنيقة نبات زينة داخلي واقعي للصالون المداخل المكاتب الفنادق الهدايا",1190,,0,,0,63,0,0,0,"https://www.amazon.eg/dp/B0HD7RFBQJ","https://m.media-amazon.com/images/I/71WclLLChUL._AC_UL320_.jpg","2026-09-30T07:03:57.701Z"
"B0HFCCGZGR","نباتات صناعية","نباتات صناعية في اصيص، نباتات صناعية واقعية للاماكن الداخلية مع وعاء ذهبي للمنزل والمكتب والمزرعة والمطبخ والحمام والطاولة والرف، 25 × 6 سم",348.5,,0,4,0,64,0,0,1,"https://www.amazon.eg/dp/B0HFCCGZGR","https://m.media-amazon.com/images/I/713rm1CLzTL._AC_UL320_.jpg","2026-09-30T07:03:57.701Z"
"B088X16V6L","نباتات صناعية","نبات صناعي من يوديفاينإت بمقاس 105 سم، قطعتين، خضرة، إبر الصنوبر، أخضر",190,,0,3,0,65,0,0,0,"https://www.amazon.eg/dp/B088X16V6L","https://m.media-amazon.com/images/I/81YAOc+8w1L._AC_UL320_.jpg","2026-09-30T07:03:57.701Z"
"B0BCKHGZF4","نباتات صناعية","نبات صناعي من ديكورلي بارتفاع 17 سم، 6 قطع، متنوع، أبيض",100,,0,3.6,0,66,0,0,0,"https://www.amazon.eg/dp/B0BCKHGZF4","https://m.media-amazon.com/images/I/81UiIxgqyiL._AC_UL320_.jpg","2026-09-30T07:03:57.701Z"
"B08Q9ZK848","نباتات صناعية","نبات صناعي من كولكارت، قطعة واحدة، أوركيد، زهر الكرز، وردي",101,,0,4.2,0,67,0,0,0,"https://www.amazon.eg/dp/B08Q9ZK848","https://m.media-amazon.com/images/I/41dKDijT63L._AC_UL320_.jpg","2026-09-30T07:03:57.701Z"
"B099596F3B","نباتات صناعية","نباتات صناعية صغيرة مزروعة في أصيص لديكور المنزل والمكتب والترابيزة والغرفة والمزرعة والأماكن الداخلية من دير روز، 4 قطع",89,,0,3.5,0,68,0,0,0,"https://www.amazon.eg/dp/B099596F3B","https://m.media-amazon.com/images/I/71YUh1Ig0cL._AC_UL320_.jpg","2026-09-30T07:03:57.701Z"
"B0BYYNP72M","نباتات صناعية","نبات صناعي من جرينتايم بحجم صغير، 4 قطع، يوكالبتوس صناعي، أخضر وأسود",79,,0,3.7,0,69,0,0,0,"https://www.amazon.eg/dp/B0BYYNP72M","https://m.media-amazon.com/images/I/81FnDEavTQL._AC_UL320_.jpg","2026-09-30T07:03:57.701Z"
"B0BYLWYBCW","نباتات صناعية","مجموعة زهور صناعية بباقات توليب من السيليكون والبلاستيك واللاتكس تحاكي الزهور الحقيقية مناسبة لإضافة زينة أنيقة إلى باقات الزفاف والمنازل والحفلات والمكاتب سيوروم 10 أبيض",193.51,,0,3.3,0,70,0,0,0,"https://www.amazon.eg/dp/B0BYLWYBCW","https://m.media-amazon.com/images/I/61FZD+gUb2L._AC_UL320_.jpg","2026-09-30T07:03:57.701Z"
"B0HFK23LMB","نباتات صناعية","نبات مونستيرا صغير صناعي بوعاء | نبات فيلوديندرون صناعي مقسم في وعاء بيج | نبات نابض بالحياة لسطح الطاولة لديكور المكتب ورفوف المنزل ومنطقة النافذة وفكرة هدية",175.12,,0,,0,71,0,0,1,"https://www.amazon.eg/dp/B0HFK23LMB","https://m.media-amazon.com/images/I/513rEN2x6iL._AC_UL320_.jpg","2026-09-30T07:03:57.701Z"
"B0BM5VDHK9","نباتات صناعية","شجرة خيزران صناعية بارتفاع 2 متر من ياهوم، نبات صناعي بوعاء ذو ملمس طبيعي، نباتات ارضية داخلية للمكتب او ديكور المنزل في غرفة المعيشة وديكور الحديقة",699,,0,4.1,0,72,0,0,0,"https://www.amazon.eg/dp/B0BM5VDHK9","https://m.media-amazon.com/images/I/71rzHIdnM6L._AC_UL320_.jpg","2026-09-30T07:03:57.701Z"
"B09166P9S7","نباتات صناعية","نبات صناعي من دبليو إكس بوم بمقاس 0.87 متر، قطعة واحدة، بوتس، باللون الأسود",290,,0,4.4,0,73,0,0,0,"https://www.amazon.eg/dp/B09166P9S7","https://m.media-amazon.com/images/I/71yxshf8-bS._AC_UL320_.jpg","2026-09-30T07:03:57.701Z"
"B0CBL83T9J","نباتات صناعية","نبات صناعي من مايجيفت بمقاس 39.9 x 10.9 x 24.9 سم، قطعة واحدة، عشب صناعي، عشب، باللون أكاسيا وود",990,,0,4.9,0,74,0,0,0,"https://www.amazon.eg/dp/B0CBL83T9J","https://m.media-amazon.com/images/I/71zlmB4tXdL._AC_UL320_.jpg","2026-09-30T07:03:57.701Z"
"B09959L7BS","نباتات صناعية","دير روز نباتات صناعية صغيرة للاستخدام الداخلي لتزيين المكتب من قطعتين",58.2,,0,4.2,0,75,0,0,0,"https://www.amazon.eg/dp/B09959L7BS","https://m.media-amazon.com/images/I/81y6aeJ5I0L._AC_UL320_.jpg","2026-09-30T07:03:57.701Z"
"B0DYVJXWFJ","نباتات صناعية","نبات صناعي من لاكيكاو بمقاس 15-19 سم، 6 قطع، زهور صناعية في أصيص، متنوع، أخضر وأبيض",350,,0,4.1,0,76,0,0,0,"https://www.amazon.eg/dp/B0DYVJXWFJ","https://m.media-amazon.com/images/I/81C9I7on90L._AC_UL320_.jpg","2026-09-30T07:03:57.701Z"
"B0C4XSZXCY","نباتات صناعية","شجرة اصطناعية من أفايجوي بمقاس 1.52متر-2عبوات مع فيكس بأوراق حرير وأصيص وطحلب، أخضر",419,,0,3.5,0,77,0,0,0,"https://www.amazon.eg/dp/B0C4XSZXCY","https://m.media-amazon.com/images/I/81TirZUqXxL._AC_UL320_.jpg","2026-09-30T07:03:57.701Z"
"B0GVKKGPXY","نباتات صناعية","مجموعة زهور صناعية فاخرة من هوم كير G-941 بتصميم واقعي من الحرير لتزيين المنزل والمكتب الذي لا يتأثر بمرور الزمن",74,,0,2.8,0,78,0,0,0,"https://www.amazon.eg/dp/B0GVKKGPXY","https://m.media-amazon.com/images/I/61amNUq4yEL._AC_UL320_.jpg","2026-09-30T07:03:57.701Z"
"B0GL9BG25F","نباتات صناعية","نبات زينة صناعي بأوراق خضراء في أصيص أبيض أنيق – مناسب للديكور الداخلي",815,,0,5,0,79,0,0,0,"https://www.amazon.eg/dp/B0GL9BG25F","https://m.media-amazon.com/images/I/619U5ukJ9rL._AC_UL320_.jpg","2026-09-30T07:03:57.701Z"
"B0G453ZPCG","نباتات صناعية","نبات صناعي بمقاس 40سم، قطعة واحدة، نبات أخضر بديكور خشبي، باللون الأخضر",880,,0,2.7,0,80,0,0,0,"https://www.amazon.eg/dp/B0G453ZPCG","https://m.media-amazon.com/images/I/51YHr5ivZmL._AC_UL320_.jpg","2026-09-30T07:03:57.701Z"
"B0GLRHGF4V","نباتات صناعية","نبات مونستيرا صناعي 48 سم بأصيص أسود – شجرة زينة خضراء واقعية للديكور – اختيار عدد الأوراق 12 أو 18 – ديكور مودرن للمنزل والمكتب والريسبشن – لا يحتاج ري وسهل التنظيف (12 وردة)",195,,0,1.8,0,81,0,0,0,"https://www.amazon.eg/dp/B0GLRHGF4V","https://m.media-amazon.com/images/I/61BMrTZaQqL._AC_UL320_.jpg","2026-09-30T07:03:57.701Z"
"B0BZ7WT5TS","نباتات صناعية","نبات صناعي من أوكي بحجم صغير، 8 قطع، يوكاليبتوس، أخضر",399,,0,4.4,0,82,0,0,0,"https://www.amazon.eg/dp/B0BZ7WT5TS","https://m.media-amazon.com/images/I/81HGaxGkI3L._AC_UL320_.jpg","2026-09-30T07:03:57.701Z"
"B0BHQTD566","نباتات صناعية","مجموعة نباتات اصطناعية من دير روز، نباتات صغيرة مزروعة في أصص داخلية، مناسبة للغرف والمكاتب والحمامات ذات الطابع الريفي، قطعتين",59.33,,0,4,0,83,0,0,0,"https://www.amazon.eg/dp/B0BHQTD566","https://m.media-amazon.com/images/I/81qDW7IhsCL._AC_UL320_.jpg","2026-09-30T07:03:57.701Z"
"B07QPM8GS3","نباتات صناعية","نبات صناعي من ايكيا بمقاس 6 سم، 3 قطع، نوع عصاري، أخضر",496,,0,4.2,0,84,0,0,0,"https://www.amazon.eg/dp/B07QPM8GS3","https://m.media-amazon.com/images/I/71iBrTOGPbL._AC_UL320_.jpg","2026-09-30T07:03:57.701Z"
"B09Y8M44B5","نباتات صناعية","شجرة اصطناعية من آفايجوي بمقاس 1.22 متر مع 2 أشجار فيكس وأصص وقاعدة إسمنتية، أخضر",350,,0,2.7,0,85,0,0,0,"https://www.amazon.eg/dp/B09Y8M44B5","https://m.media-amazon.com/images/I/81KOmkYwUgL._AC_UL320_.jpg","2026-09-30T07:03:57.701Z"
"B0922ZMP52","نباتات صناعية","نبات صناعي من أذر، 12 قطعة، شجرة، أوراق شجر، أخضر",219,,0,4.2,0,86,0,0,0,"https://www.amazon.eg/dp/B0922ZMP52","https://m.media-amazon.com/images/I/71RKmKWQtpL._AC_UL320_.jpg","2026-09-30T07:03:57.701Z"
"B095X5CKZP","نباتات صناعية","شجرة اصطناعية من ليف ديزاين يو كيه بمقاس 60 سنتيمتر مع شجرة فيكس صناعية، أخضر",159,,0,3.2,0,87,0,0,0,"https://www.amazon.eg/dp/B095X5CKZP","https://m.media-amazon.com/images/I/71Z4sL02-1L._AC_UL320_.jpg","2026-09-30T07:03:57.701Z"
"B0BZHYTR9S","نباتات صناعية","نباتات صناعية كبيرة 66 سم من جوهيك شجرة نخيل استوائية مونستيرا مع وعاء للمنزل والمكتب وغرفة المعيشة والديكور الداخلي أبيض عدد القطع: 1",422.1,,0,4,0,88,0,0,0,"https://www.amazon.eg/dp/B0BZHYTR9S","https://m.media-amazon.com/images/I/71PQYEcz66L._AC_UL320_.jpg","2026-09-30T07:03:57.701Z"
"B0DTSDRTXK","نباتات صناعية","نباتات خضراء معلقة للديكور (ابداع) - اوراق نباتات صناعية بطول 13 متر للمناسبات وتزيين الغرف - فاشون هوم",340.21,,0,4.6,0,89,0,0,0,"https://www.amazon.eg/dp/B0DTSDRTXK","https://m.media-amazon.com/images/I/81lRBFEBoUL._AC_UL320_.jpg","2026-09-30T07:03:57.701Z"
"B0CJPY4Q8Z","نباتات صناعية","نباتات زهور الكرز الصناعية من جاردن هاب | أشجار لتزيين المنزل | غرفة المعيشة | المكتب / بتصميم كبير ومتوسط الحجم مع وعاء (لون أبيض، مقاس 1 متر)",344,,0,3.1,0,90,0,0,0,"https://www.amazon.eg/dp/B0CJPY4Q8Z","https://m.media-amazon.com/images/I/81GshFv2-yL._AC_UL320_.jpg","2026-09-30T07:03:57.701Z"
"B0G6VJPL4F","نباتات صناعية","نبات صناعي من اللبلاب بمقاس 2 متر باللون الأخضر",90,,0,3.3,0,91,0,0,0,"https://www.amazon.eg/dp/B0G6VJPL4F","https://m.media-amazon.com/images/I/4196oExQkTL._AC_UL320_.jpg","2026-09-30T07:03:57.701Z"
"B07PWYVFL2","نباتات صناعية","نباتات صناعية داخل أصيص سلسلة بوعاء للمكتب والمنزل وغرفة النوم والحمام وديكور المطبخ من واي اتش مول 4 قطع لون أخضر 1",259,,0,4.2,0,92,0,0,0,"https://www.amazon.eg/dp/B07PWYVFL2","https://m.media-amazon.com/images/I/61FA1X7PppL._AC_UL320_.jpg","2026-09-30T07:03:57.701Z"
"B0H68B5YD6","نباتات صناعية","شجرة اصطناعية مع شجرة موز صناعية وأصيص أسود وحصى زخرفية، أخضر",499,,0,,0,93,0,0,0,"https://www.amazon.eg/dp/B0H68B5YD6","https://m.media-amazon.com/images/I/51E4LLH6B1L._AC_UL320_.jpg","2026-09-30T07:03:57.701Z"
"B0BVG689F6","نباتات صناعية","نبات صناعي من روكوين بمقاس 18×12 سم، 4 قطع، نباتات خضراء صغيرة في أصيص، أخضر وأبيض",114,,0,4.1,0,94,0,0,0,"https://www.amazon.eg/dp/B0BVG689F6","https://m.media-amazon.com/images/I/71yDkflyQlL._AC_UL320_.jpg","2026-09-30T07:03:57.701Z"
"B09697W3SC","نباتات صناعية","نبات صناعي 60 سم",251,,0,3.5,0,95,0,0,0,"https://www.amazon.eg/dp/B09697W3SC","https://m.media-amazon.com/images/I/71OwIXcr2WL._AC_UL320_.jpg","2026-09-30T07:03:57.701Z"
"B09FLXGT2F","نباتات صناعية","نباتات صناعية وزراعة متعدد الألوان",241,,0,3.7,0,96,0,0,0,"https://www.amazon.eg/dp/B09FLXGT2F","https://m.media-amazon.com/images/I/81hEE0kcQOL._AC_UL320_.jpg","2026-09-30T07:03:57.701Z"
"B09MTGGJY7","ورد صناعي","نبات صناعي من دير روز بارتفاع 16.51-17.78 سم، 6 قطع، يوكاليبتوس، متنوع، أبيض-أخضر",85,,0,3.1,0,1,0,0,1,"https://www.amazon.eg/dp/B09MTGGJY7","https://m.media-amazon.com/images/I/81L6ThJJj9L._AC_UL320_.jpg","2026-09-30T07:03:57.701Z"
"B0H1N5B5V7","ورد صناعي","نبات صناعي بمقاس 36 سم، 12 قطعة، وردة، متعدد الألوان",220,,0,4.4,0,2,0,0,0,"https://www.amazon.eg/dp/B0H1N5B5V7","https://m.media-amazon.com/images/I/61sxMXdWbAL._AC_UL320_.jpg","2026-09-30T07:03:57.701Z"
"B08T1F3YSJ","ورد صناعي","نبات صناعي من آرتسي بمقاس 55 سم، قطعتين، زهر الكرز، أبيض",199.5,,0,4.1,0,3,0,0,1,"https://www.amazon.eg/dp/B08T1F3YSJ","https://m.media-amazon.com/images/I/71YZ5lRGLYL._AC_UL320_.jpg","2026-09-30T07:03:57.701Z"
"B091CTRKX3","ورد صناعي","شجيرات مزهرة - باقة زهور صناعىة _ 17 فرع، ابيض",104,,0,3.8,0,4,0,0,0,"https://www.amazon.eg/dp/B091CTRKX3","https://m.media-amazon.com/images/I/71MMra8zjrL._AC_UL320_.jpg","2026-09-30T07:03:57.701Z"
"B0H81FXGMB","ورد صناعي","نبات صناعي بمقاس 36 سم، 12 قطعة، ورد، وردة، وردي",155,,0,5,0,5,0,0,0,"https://www.amazon.eg/dp/B0H81FXGMB","https://m.media-amazon.com/images/I/61-QeS8ZGQL._AC_UL320_.jpg","2026-09-30T07:03:57.701Z"
"B0GVK8MPD6","ورد صناعي","مجموعة زهور صناعية G-945 بتصميم واقعي من الحرير لتزيين المنزل والمكتب الذي لا يتأثر بمرور الزمن من هوم كير",96,,0,1,0,6,0,0,0,"https://www.amazon.eg/dp/B0GVK8MPD6","https://m.media-amazon.com/images/I/510OjFy5IeL._AC_UL320_.jpg","2026-09-30T07:03:57.701Z"
"B06WV76V7C","ورد صناعي","نبات صناعي من شاين-كو لايتنج بمقاس 34 سم ارتفاع، 10 قطع، توليب، أبيض",210,,0,4.2,0,7,0,0,0,"https://www.amazon.eg/dp/B06WV76V7C","https://m.media-amazon.com/images/I/71HXGQ-SnPL._AC_UL320_.jpg","2026-09-30T07:03:57.701Z"
"B07RS1S6PB","ورد صناعي","9 قطع من زهور التنفس الصناعي بسيقان طويلة ذات ملمس حقيقي من نوع جيبسوفييلا لتزيين المنزل والمكتب والأماكن الداخلية والخارجية وحفلات الزفاف والأثاث الاحتفالي، باللون الأبيض",350,,0,4.3,0,8,0,0,0,"https://www.amazon.eg/dp/B07RS1S6PB","https://m.media-amazon.com/images/I/71K98MnMTRL._AC_UL320_.jpg","2026-09-30T07:03:57.701Z"
"B0BYLWYBCW","ورد صناعي","مجموعة زهور صناعية بباقات توليب من السيليكون والبلاستيك واللاتكس تحاكي الزهور الحقيقية مناسبة لإضافة زينة أنيقة إلى باقات الزفاف والمنازل والحفلات والمكاتب سيوروم 10 أبيض",193.51,,0,3.3,0,9,0,0,0,"https://www.amazon.eg/dp/B0BYLWYBCW","https://m.media-amazon.com/images/I/61FZD+gUb2L._AC_UL320_.jpg","2026-09-30T07:03:57.701Z"
"B091D4J9VS","ورد صناعي","باقة زهور صناعية _زهرة الاقحوان _10 ازهار، ابيض , عدد 1",177.3,,0,4.1,0,10,0,0,0,"https://www.amazon.eg/dp/B091D4J9VS","https://m.media-amazon.com/images/I/61hiA+gBjsL._AC_UL320_.jpg","2026-09-30T07:03:57.701Z"
"B0GVKKGPXY","ورد صناعي","مجموعة زهور صناعية فاخرة من هوم كير G-941 بتصميم واقعي من الحرير لتزيين المنزل والمكتب الذي لا يتأثر بمرور الزمن",74,,0,2.8,0,11,0,0,0,"https://www.amazon.eg/dp/B0GVKKGPXY","https://m.media-amazon.com/images/I/61amNUq4yEL._AC_UL320_.jpg","2026-09-30T07:03:57.701Z"
"B07F7TBMRV","ورد صناعي","نبات صناعي من جاسيون بمقاس 40سم طول، 7سم قطر رأس الزهرة، قطعة واحدة، وردة، باللون الأحمر",214,,0,4.4,0,12,0,0,0,"https://www.amazon.eg/dp/B07F7TBMRV","https://m.media-amazon.com/images/I/61tYjcG0ssL._AC_UL320_.jpg","2026-09-30T07:03:57.701Z"
"B0BZ8593CB","ورد صناعي","Der Rose 6 Pack Small Fake Plants Artificial Potted Plants in Black Pot for Home Office Farmhouse Bathroom Shelf Decor Indoor",83,,0,2.9,0,13,0,0,0,"https://www.amazon.eg/dp/B0BZ8593CB","https://m.media-amazon.com/images/I/81xr8w9jJbL._AC_UL320_.jpg","2026-09-30T07:03:57.701Z"
"B08Q9ZK848","ورد صناعي","نبات صناعي من كولكارت، قطعة واحدة، أوركيد، زهر الكرز، وردي",101,,0,4.2,0,14,0,0,0,"https://www.amazon.eg/dp/B08Q9ZK848","https://m.media-amazon.com/images/I/41dKDijT63L._AC_UL320_.jpg","2026-09-30T07:03:57.701Z"
"B0D1VHPVBX","ورد صناعي","LYLYFAN Babys Breath Artificial Flowers,6 Pcs Gypsophila Real Touch Flowers for Wedding Party Home Garden Decoration",426,,0,4.4,0,15,0,0,0,"https://www.amazon.eg/dp/B0D1VHPVBX","https://m.media-amazon.com/images/I/81WdQvns1KL._AC_UL320_.jpg","2026-09-30T07:03:57.701Z"
"B079YCJ4QY","ورد صناعي","نبات صناعي من سوفيكس بمقاس 56 سم، زهور أوركيد، زهر الخوخ، أبيض",124,,0,4,0,16,0,0,0,"https://www.amazon.eg/dp/B079YCJ4QY","https://m.media-amazon.com/images/I/61VSd6PJLxL._AC_UL320_.jpg","2026-09-30T07:03:57.701Z"
"B0BBF2HFY6","ورد صناعي","نبات صناعي من يوراتي بمقاس 18 سم × 7 سم، 6 قطع، زهور، تشكيلة متنوعة، متعدد الألوان",279.99,,0,4.2,0,17,0,0,0,"https://www.amazon.eg/dp/B0BBF2HFY6","https://m.media-amazon.com/images/I/71-A2L6bF6L._AC_UL320_.jpg","2026-09-30T07:03:57.701Z"
"B0GJV59S63","ورد صناعي","نبات صناعي بمقاس 45 سم، 6 قطع، زهور وردية، زنبق، وردي",290,,0,4.2,0,18,0,0,0,"https://www.amazon.eg/dp/B0GJV59S63","https://m.media-amazon.com/images/I/51tTHPHatbL._AC_UL320_.jpg","2026-09-30T07:03:57.701Z"
"B0GWFRS8CD","ورد صناعي","نبات صناعي من ليلي بارتفاع 45 سم، 6 قطع، زنبق، أبيض",330,,0,4.2,0,19,0,0,0,"https://www.amazon.eg/dp/B0GWFRS8CD","https://m.media-amazon.com/images/I/31oQri9Q2sL._AC_UL320_.jpg","2026-09-30T07:03:57.701Z"
"B0H9FTK6XK","ورد صناعي","نبات صناعي، 12 قطعة، ورد، متعدد الألوان",180,,0,4.7,0,20,0,0,0,"https://www.amazon.eg/dp/B0H9FTK6XK","https://m.media-amazon.com/images/I/61Fr8Al7b9L._AC_UL320_.jpg","2026-09-30T07:03:57.701Z"
"B0GVKM2WCS","ورد صناعي","مجموعة زهور صناعية طراز G-932، بتصميم واقعي من الحرير لتزيين المنزل والمكتب الذي لا يتأثر بمرور الزمن من هوم كير",120,,0,2,0,21,0,0,0,"https://www.amazon.eg/dp/B0GVKM2WCS","https://m.media-amazon.com/images/I/41xDJozdooL._AC_UL320_.jpg","2026-09-30T07:03:57.701Z"
"B0B4WZTY25","ورد صناعي","باقة زهور قمح مجففة أنيقة، باقة من عشب القمح المجفف، باقة من عشب القمح المجفف، زهور صناعية مجففة للمنزل والمطبخ وطاولة الكنيسة وتزيين إكليل الزفاف (50 فرع، لون طبيعي)",118.95,,0,3.7,0,22,0,0,0,"https://www.amazon.eg/dp/B0B4WZTY25","https://m.media-amazon.com/images/I/716QVbwv1SL._AC_UL320_.jpg","2026-09-30T07:03:57.701Z"
"B0GVKNCY6H","ورد صناعي","مجموعة زهور صناعية فاخرة من هوم كير G-935 بتصميم واقعي من الحرير لتزيين المنزل والمكتب الذي لا يتأثر بمرور الزمن",74,,0,,0,23,0,0,0,"https://www.amazon.eg/dp/B0GVKNCY6H","https://m.media-amazon.com/images/I/61qHU2zLQKL._AC_UL320_.jpg","2026-09-30T07:03:57.701Z"
"B08CHM5XQH","ورد صناعي","نبات صناعي من لايلفي بمقاس 60 سم، 6 قطع، عباد الشمس، باللون الأصفر",400,,0,4.5,0,24,0,0,0,"https://www.amazon.eg/dp/B08CHM5XQH","https://m.media-amazon.com/images/I/61LrzIHI+4L._AC_UL320_.jpg","2026-09-30T07:03:57.701Z"
"B0GVKJBF1V","ورد صناعي","مجموعة زهور صناعية فاخرة من هوم كير G-944 بتصميم واقعي من الحرير لتزيين المنزل والمكتب الذي لا يتأثر بمرور الزمن",95.63,,0,,0,25,0,0,0,"https://www.amazon.eg/dp/B0GVKJBF1V","https://m.media-amazon.com/images/I/519BnDOIXZL._AC_UL320_.jpg","2026-09-30T07:03:57.701Z"
"B0G47D4KMY","ورد صناعي","باقة زهور ورد صناعية لديكور المنزل والمكتب وللتقديم لعيد الحب، 3 قطع (وردي)",217.04,,0,3.5,0,26,0,0,0,"https://www.amazon.eg/dp/B0G47D4KMY","https://m.media-amazon.com/images/I/71-vMEtV4GL._AC_UL320_.jpg","2026-09-30T07:03:57.701Z"
"B0H18L7S7Z","ورد صناعي","نبات صناعي من السويلم بطول 40 سم، قطعة واحدة، وردة صناعية، فاوانيا وردة، وردي",300,,0,5,0,27,0,0,0,"https://www.amazon.eg/dp/B0H18L7S7Z","https://m.media-amazon.com/images/I/71WeDVjGQaL._AC_UL320_.jpg","2026-09-30T07:03:57.701Z"
"B07TFTDCDC","ورد صناعي","نبات صناعي من أيلاندا بمقاس 37.3 سم، 6 قطع، لافندر، بنفسجي",476,,0,4.3,0,28,0,0,0,"https://www.amazon.eg/dp/B07TFTDCDC","https://m.media-amazon.com/images/I/71o4Ma43mUL._AC_UL320_.jpg","2026-09-30T07:03:57.701Z"
"B0HGPW6YZB","ورد صناعي","ورد صناعي أحمر بأوراق خضراء 8 وردات للمنزل والمكتب",105,,0,,0,29,0,0,0,"https://www.amazon.eg/dp/B0HGPW6YZB","https://m.media-amazon.com/images/I/41S6t+2eBFL._AC_UL320_.jpg","2026-09-30T07:03:57.701Z"
"B0GVKN2THM","ورد صناعي","زهور صناعية فاخرة G-1000 من هوم كير بتصميم واقعي من الحرير لتزيين المنزل والمكتب الذي لا يتأثر بمرور الزمن",290.63,,0,,0,30,0,0,0,"https://www.amazon.eg/dp/B0GVKN2THM","https://m.media-amazon.com/images/I/51n+iVteghL._AC_UL320_.jpg","2026-09-30T07:03:57.701Z"
"B0GVKKFJGW","ورد صناعي","مجموعة زهور صناعية فاخرة من هوم كير G-937 بتصميم واقعي من الحرير لتزيين المنزل والمكتب الذي لا يتأثر بمرور الزمن",110,,0,5,0,31,0,0,0,"https://www.amazon.eg/dp/B0GVKKFJGW","https://m.media-amazon.com/images/I/518M6vaY+ML._AC_UL320_.jpg","2026-09-30T07:03:57.701Z"
"B08QD1VXVP","ورد صناعي","نبات صناعي من كولكارت، قطعة واحدة، أوركيد، باللون البرتقالي",165,,0,4.2,0,32,0,0,0,"https://www.amazon.eg/dp/B08QD1VXVP","https://m.media-amazon.com/images/I/61SGoZnkg5L._AC_UL320_.jpg","2026-09-30T07:03:57.701Z"
"B0GVKNQ7R4","ورد صناعي","مجموعة زهور صناعية فاخرة من هوم كير G-1001 بتصميم واقعي من الحرير لتزيين المنزل والمكتب الذي لا يتأثر بمرور الزمن",95.63,,0,2.5,0,33,0,0,0,"https://www.amazon.eg/dp/B0GVKNQ7R4","https://m.media-amazon.com/images/I/61NuXNpDoXL._AC_UL320_.jpg","2026-09-30T07:03:57.701Z"
"B095SWP8QC","ورد صناعي","باقات جذوع قرنفل مقاس 28 سم، زهور صناعية مقاومة للأشعة فوق البنفسجية ولا تبهت، بتلات صغيرة من حرير القرنفل، نباتات أبدية لدعائم الصور وديكور المنزل وحفلات الزفاف (أبيض، 10 جذوع)",195,,0,4.2,0,34,0,0,0,"https://www.amazon.eg/dp/B095SWP8QC","https://m.media-amazon.com/images/I/51Mk0O6vH4L._AC_UL320_.jpg","2026-09-30T07:03:57.701Z"
"B0923CGK8N","ورد صناعي","ورد صناعي - لون أبيض، من أخرى",149.9,,0,4.1,0,35,0,0,0,"https://www.amazon.eg/dp/B0923CGK8N","https://m.media-amazon.com/images/I/61MuiftWSEL._AC_UL320_.jpg","2026-09-30T07:03:57.701Z"
"B0923CWXG7","ورد صناعي","عباد الشمس صناعي ل مناسبات متعددة - اصفر، من أخرى",115.9,,0,3.4,0,36,0,0,0,"https://www.amazon.eg/dp/B0923CWXG7","https://m.media-amazon.com/images/I/71nauIZfxfL._AC_UL320_.jpg","2026-09-30T07:03:57.701Z"
"B0FQKJSSWH","ورد صناعي","نبات صناعي من الورد الفوم، 25 قطعة، زهور صناعية، وردة، أحمر",165,,0,4.5,0,37,0,0,0,"https://www.amazon.eg/dp/B0FQKJSSWH","https://m.media-amazon.com/images/I/41nZgK0YboL._AC_UL320_.jpg","2026-09-30T07:03:57.701Z"
"B0BWKC1SWD","ورد صناعي","4 حزم زهور من الزهور الصناعية لحفلات الزفاف ديكور المنزل وترتيب الأزهار أحمر",244.5,,0,2.4,0,38,0,0,0,"https://www.amazon.eg/dp/B0BWKC1SWD","https://m.media-amazon.com/images/I/811ww5xU4wL._AC_UL320_.jpg","2026-09-30T07:03:57.701Z"
"B08X9WLBTB","ورد صناعي","تي اف اتش باقة زهور صناعية لديكور المنزل، مجموعة من قطعتين (بينك فاتح وابيض)",180,,0,4,0,39,0,0,0,"https://www.amazon.eg/dp/B08X9WLBTB","https://m.media-amazon.com/images/I/719HkdfYExL._AC_UL320_.jpg","2026-09-30T07:03:57.701Z"
"B08GFGT2HQ","ورد صناعي","10 قطع من زهور الورود الاصطناعية طويلة الجذع ورود حريرية مزيفة يمكنك صنعها بنفسك باقة الزفاف وديكور المنزل (بينك فاتح)",600,,0,4.5,0,40,0,0,0,"https://www.amazon.eg/dp/B08GFGT2HQ","https://m.media-amazon.com/images/I/71kq1Xcau4L._AC_UL320_.jpg","2026-09-30T07:03:57.701Z"
"B0H59LZNSS","ورد صناعي","نبات صناعي بطول 40 سم، 5 فروع، ياسمين، أبيض وأخضر",160,,0,4.5,0,41,0,0,0,"https://www.amazon.eg/dp/B0H59LZNSS","https://m.media-amazon.com/images/I/61R8I9MYkzL._AC_UL320_.jpg","2026-09-30T07:03:57.701Z"
"B0HFJJST4R","ورد صناعي","نبات اوركيد صناعي في اصيص | ترتيب زهور صناعية في اصيص ابيض | زهور صناعية نابضة بالحياة لديكور المنزل والمكتب والرفوف والمدخل",168.96,,0,,0,42,0,0,1,"https://www.amazon.eg/dp/B0HFJJST4R","https://m.media-amazon.com/images/I/61NWATSs-4L._AC_UL320_.jpg","2026-09-30T07:03:57.701Z"
"B0BWK81WBL","ورد صناعي","زهور الاصطناعية زينة حفلات الزفاف للمنزل، عبوه (زهري فاتح)",350,,0,3.6,0,43,0,0,0,"https://www.amazon.eg/dp/B0BWK81WBL","https://m.media-amazon.com/images/I/71GgqfNlwJL._AC_UL320_.jpg","2026-09-30T07:03:57.701Z"
"B0H5G5PMHC","ورد صناعي","نبات صناعي بمقاس 43 سم، 5 باقات، بامباس، عشب الباميا، أبيض",160,,0,5,0,44,0,0,0,"https://www.amazon.eg/dp/B0H5G5PMHC","https://m.media-amazon.com/images/I/81qFMQWX8uL._AC_UL320_.jpg","2026-09-30T07:03:57.701Z"
"B0DS68ZYL9","ورد صناعي","ال اي ال اي اي نباتات صناعية صغيرة بوعاء، 8 قطع من نباتات الاوكالبتوس الصغيرة المزخرفة مع زهور لديكور المنزل والمكتب والرفوف وتزيين الطاولة",400,,0,4.4,0,45,0,0,0,"https://www.amazon.eg/dp/B0DS68ZYL9","https://m.media-amazon.com/images/I/816HBDEstzL._AC_UL320_.jpg","2026-09-30T07:03:57.701Z"
"B091D4HV54","ورد صناعي","ورد صناعة مكون من 144 وردة صغيرة بلون بينك لطيفة زهور صناعية مصنوعة يدويا لتزيين حفلات الزفاف اكليل هدايا سكرابوكينغ زهرة وهمية",158.1,,0,3.2,0,46,0,0,0,"https://www.amazon.eg/dp/B091D4HV54","https://m.media-amazon.com/images/I/616eLAnW0tL._AC_UL320_.jpg","2026-09-30T07:03:57.701Z"
"B0BZ85D7QX","ورد صناعي","مجموعة من 4 نباتات صناعية صغيرة من دير روز، نباتات صناعية صغيرة للاستخدام الداخلي للحمام وديكور غرفة المزرعة والطاولة",74,,0,3.8,0,47,0,0,0,"https://www.amazon.eg/dp/B0BZ85D7QX","https://m.media-amazon.com/images/I/81dA2EUYQgL._AC_UL320_.jpg","2026-09-30T07:03:57.701Z"
"B075SW11DK","ورد صناعي","نبات صناعي من آرتيفلر بمقاس 25.6 متر، 12 قطعة، كرمة لبلاب، أخضر",230,,0,4.5,0,48,0,0,0,"https://www.amazon.eg/dp/B075SW11DK","https://m.media-amazon.com/images/I/81gdWCW3bkL._AC_UL320_.jpg","2026-09-30T07:03:57.701Z"
"B075SW11DK","ورد صناعي","نبات صناعي من آرتيفلر بمقاس 25.6 متر، 12 قطعة، كرمة لبلاب، أخضر",230,,0,4.5,0,49,0,0,0,"https://www.amazon.eg/dp/B075SW11DK","https://m.media-amazon.com/images/I/81gdWCW3bkL._AC_UL320_.jpg","2026-09-30T07:03:57.701Z"
"B0GVKLSZ6Q","ورد صناعي","مجموعة زهور صناعية فاخرة من هوم كير G-943 بتصميم واقعي من الحرير لتزيين المنزل والمكتب الذي لا يتأثر بمرور الزمن",74.37,,0,,0,50,0,0,0,"https://www.amazon.eg/dp/B0GVKLSZ6Q","https://m.media-amazon.com/images/I/61CVCz3ddkL._AC_UL320_.jpg","2026-09-30T07:03:57.701Z"
"B0H2JL53M8","ورد صناعي","نبات صناعي من الويستيريا، 12 قطعة، ويستيريا وورد، أبيض",400,,0,,0,51,0,0,0,"https://www.amazon.eg/dp/B0H2JL53M8","https://m.media-amazon.com/images/I/81lImV6xI8L._AC_UL320_.jpg","2026-09-30T07:03:57.701Z"
"B0922LLM2P","ورد صناعي","ورود صناعي ل عيد الحب - ابيض، من أخرى",250,,0,4.3,0,52,0,0,0,"https://www.amazon.eg/dp/B0922LLM2P","https://m.media-amazon.com/images/I/61WyixtrvlL._AC_UL320_.jpg","2026-09-30T07:03:57.701Z"
"B0FQKG1WL3","ورد صناعي","نبات صناعي 25 قطعة زهور صناعية وردة باللون الوردي",165,,0,4.5,0,53,0,0,0,"https://www.amazon.eg/dp/B0FQKG1WL3","https://m.media-amazon.com/images/I/51F-Y6kxTAL._AC_UL320_.jpg","2026-09-30T07:03:57.701Z"
"B0GFTYNJWY","ورد صناعي","نباتات صناعية صغيرة من الزهور في أوعية بيضاء مجموعة من 4 قطع، مناسبة للمكتب والحمام والأرفف وغرفة النوم وطاولات المنزل وديكور المنزل الربيعي من دير روز",275,,0,3.5,0,54,0,0,0,"https://www.amazon.eg/dp/B0GFTYNJWY","https://m.media-amazon.com/images/I/91ZY+gA9f7L._AC_UL320_.jpg","2026-09-30T07:03:57.701Z"
"B08GY7BHYZ","ورد صناعي","لايلف 12 قطعة من الزهور الاصطناعية، زهور حريرية، زهور صناعية طويلة الجذع لتزيين المنزل وحفلات الزفاف (بورغندي متدرج)",550,,0,4.6,0,55,0,0,0,"https://www.amazon.eg/dp/B08GY7BHYZ","https://m.media-amazon.com/images/I/61fB9K6RQFL._AC_UL320_.jpg","2026-09-30T07:03:57.701Z"
"B0H1S4NY3B","ورد صناعي","باقة زهور صناعية فاخرة للمكاتب والطاولات ورد واقعي للمنزل هدية راقية ديكور مودرن فاخر لغرف المعيشة والضيافة (برتقالى)",199,,0,1,0,56,0,0,0,"https://www.amazon.eg/dp/B0H1S4NY3B","https://m.media-amazon.com/images/I/71tbhIYRQbL._AC_UL320_.jpg","2026-09-30T07:03:57.701Z"
"B0GRL2B5PH","ورد صناعي","باقة زهور الخوخ الصناعية 55 سم، 9 فروع، ورود صناعية واقعية بالوان متعددة لديكور المنزل والطاولة والمكتب وحفلات الزفاف (احمر)",123,,0,3.6,0,57,0,0,0,"https://www.amazon.eg/dp/B0GRL2B5PH","https://m.media-amazon.com/images/I/71NYhsUm-KL._AC_UL320_.jpg","2026-09-30T07:03:57.701Z"
"B0CWL8736H","ورد صناعي","زهور قرنفل صفراء صناعية مجموعة من 15 قطعة زهور قرنفل حريرية زهور صفراء 50 سم زهور صناعية لحفلات الزفاف وتزيين المنزل قطع مركزية لتزيين طاولات المنزل وعمل تنسيقات زهور (لون أصفر) من INSUNSIX",245,,0,3.9,0,58,0,0,0,"https://www.amazon.eg/dp/B0CWL8736H","https://m.media-amazon.com/images/I/719YFa6Y5IL._AC_UL320_.jpg","2026-09-30T07:03:57.701Z"
"B0DNQSY4YF","ورد صناعي","نبات صناعي قطعة واحدة فرع زهور بأوراق ذهبية باللون الذهبي",200,,0,3.4,0,59,0,0,0,"https://www.amazon.eg/dp/B0DNQSY4YF","https://m.media-amazon.com/images/I/51E5dWEIflL._AC_UL320_.jpg","2026-09-30T07:03:57.701Z"
"B0FY2LHJ79","ورد صناعي","نبات صناعي بمقاس 4 قطع من زهور الياسمين الاصطناعية باللون الوردي الفاتح والأبيض",95,,0,5,0,60,0,0,0,"https://www.amazon.eg/dp/B0FY2LHJ79","https://m.media-amazon.com/images/I/41Quvy8J7AL._AC_UL320_.jpg","2026-09-30T07:03:57.701Z"
"B0DM2QLF7N","ورد صناعي","نبات صناعي بمقاس 25، 25 قطعة، زهور رغوة، أبيض",155,,0,3.5,0,61,0,0,0,"https://www.amazon.eg/dp/B0DM2QLF7N","https://m.media-amazon.com/images/I/51+B7rJh4nL._AC_UL320_.jpg","2026-09-30T07:03:57.701Z"
"B0HBSXWLBB","ورد صناعي","زهور ورد صناعي فاخر 9 زهور بملمس طبيعي لتزيين المنزل والمكتب والمزهرية وحفلات الزفاف، أزرق",349,,0,,0,62,0,0,0,"https://www.amazon.eg/dp/B0HBSXWLBB","https://m.media-amazon.com/images/I/715kLcHsXJL._AC_UL320_.jpg","2026-09-30T07:03:57.701Z"
"B083TW65XF","ورد صناعي","نبات صناعي من فايف سيزون ستاف بمقاس 9 سم و 6 سم، قطعتين، زهور فاوانيا، ريفي بهيج، كانتري ديلايتفول",720,,0,4.6,0,63,0,0,0,"https://www.amazon.eg/dp/B083TW65XF","https://m.media-amazon.com/images/I/81nOnW+r+hL._AC_UL320_.jpg","2026-09-30T07:03:57.701Z"
"B0GRL6KBS9","ورد صناعي","باقة زهور الخوخ الصناعية 55 سم، 9 فروع، ورود صناعية واقعية بالوان متعددة لديكور المنزل والطاولة والمكتب وحفلات الزفاف (برتقالي)",120,,0,3.6,0,64,0,0,0,"https://www.amazon.eg/dp/B0GRL6KBS9","https://m.media-amazon.com/images/I/71swaPRfKFL._AC_UL320_.jpg","2026-09-30T07:03:57.701Z"
"B0DBZG9JFM","ورد صناعي","زهور كوبية صناعية من فونيونس 12 قطعة الاقحوان الحريرية لتزيين حديقة المنزل باقة الزفاف ترتيب الزهور مركزية ابيض",480,,0,4.1,0,65,0,0,0,"https://www.amazon.eg/dp/B0DBZG9JFM","https://m.media-amazon.com/images/I/61Zsefq53PL._AC_UL320_.jpg","2026-09-30T07:03:57.701Z"
"B0GPQR8P12","ورد صناعي","نبات صناعي قطعة واحدة من زهرة الكرز زهر الكرز باللون الوردي الفاتح",105,,0,5,0,66,0,0,0,"https://www.amazon.eg/dp/B0GPQR8P12","https://m.media-amazon.com/images/I/51DQry5-k8L._AC_UL320_.jpg","2026-09-30T07:03:57.701Z"
"B0GVKF4XPP","ورد صناعي","مجموعة زهور صناعية فاخرة من هوم كير G-1001A بتصميم واقعي من الحرير لتزيين المنزل والمكتب الذي لا يتأثر بمرور الزمن",95.63,,0,1,0,67,0,0,0,"https://www.amazon.eg/dp/B0GVKF4XPP","https://m.media-amazon.com/images/I/61fdR6hhczL._AC_UL320_.jpg","2026-09-30T07:03:57.701Z"
"B09RK4PHXM","ورد صناعي","نبات صناعي من ألمنت، قطعتين، زهر الكرز، أبيض وأزرق",151,,0,4.3,0,68,0,0,0,"https://www.amazon.eg/dp/B09RK4PHXM","https://m.media-amazon.com/images/I/816XVg-HWOL._AC_UL320_.jpg","2026-09-30T07:03:57.701Z"
"B0GVKH3311","ورد صناعي","مجموعة زهور صناعية G-1002 بتصميم واقعي من الحرير لتزيين المنزل والمكتب الذي لا يتأثر بمرور الزمن من هوم كير",99.88,,0,1,0,69,0,0,0,"https://www.amazon.eg/dp/B0GVKH3311","https://m.media-amazon.com/images/I/71ib7OYmFdL._AC_UL320_.jpg","2026-09-30T07:03:57.701Z"
"B09JGGSTK8","ورد صناعي","زهور نباتية وصناعة، متعدد الألوان",165,,0,3.8,0,70,0,0,0,"https://www.amazon.eg/dp/B09JGGSTK8","https://m.media-amazon.com/images/I/616Osn3DIqL._AC_UL320_.jpg","2026-09-30T07:03:57.701Z"
"B096P3L2S9","ورد صناعي","نباتات صناعية 180 سم من كرمة الكرز الصناعية اكليل كرز صناعي يمكنك تركيبه بنفسك معلق على الحائط لحفلات الزفاف والحديقة وتزيين الطاولة مزهرية زهور وعشب اصطناعي (اللون: C) متعدد الالوان واي زد اتش ام من",199,,0,3.5,0,71,0,0,0,"https://www.amazon.eg/dp/B096P3L2S9","https://m.media-amazon.com/images/I/61XInvWtLGS._AC_UL320_.jpg","2026-09-30T07:03:57.701Z"
"B0FXNK8HVY","ورد صناعي","نبات صناعي قطعة واحدة وردة صناعية وردة باللون الأحمر",138,,0,3.2,0,72,0,0,0,"https://www.amazon.eg/dp/B0FXNK8HVY","https://m.media-amazon.com/images/I/51S4Hga5OlL._AC_UL320_.jpg","2026-09-30T07:03:57.701Z"
"B0GVKJ7BL7","ورد صناعي","مجموعة زهور صناعية فاخرة من هوم كير G-936 بتصميم واقعي من الحرير لتزيين المنزل والمكتب الذي لا يتأثر بمرور الزمن",104,,0,1,0,73,0,0,0,"https://www.amazon.eg/dp/B0GVKJ7BL7","https://m.media-amazon.com/images/I/61O87O+qLzL._AC_UL320_.jpg","2026-09-30T07:03:57.701Z"
"B0BYDNFLRK","ورد صناعي","مجموعة YSTP مكونة من 20 زهرة توليب صناعية مثل زهور التوليب الاصطناعية ذات الملمس الحقيقي وزهور للمنزل في الهواء الطلق وباقة الزفاف أبيض",415,,0,4,0,74,0,0,0,"https://www.amazon.eg/dp/B0BYDNFLRK","https://m.media-amazon.com/images/I/51bm-jb1K0L._AC_UL320_.jpg","2026-09-30T07:03:57.701Z"
"B0GVKBSHQ7","ورد صناعي","زهور صناعية فاخرة G-940 من هوم كير بتصميم واقعي من الحرير لتزيين المنزل والمكتب الذي لا يتأثر بمرور الزمن",110,,0,,0,75,0,0,0,"https://www.amazon.eg/dp/B0GVKBSHQ7","https://m.media-amazon.com/images/I/41kORiWzmgL._AC_UL320_.jpg","2026-09-30T07:03:57.701Z"
"B092374WDS","ورد صناعي","باقة ورد ونبات وزرع صناعي - 52 سم، اوف وايت",150,,0,4.4,0,76,0,0,0,"https://www.amazon.eg/dp/B092374WDS","https://m.media-amazon.com/images/I/61C-xIiKpDS._AC_UL320_.jpg","2026-09-30T07:03:57.701Z"
"B0H2269DM7","ورد صناعي","نبات صناعي بطول 2 متر، عبوة من قطعتين، ورد صناعي، أغصان زهور صناعية، وردي",180,,0,,0,77,0,0,0,"https://www.amazon.eg/dp/B0H2269DM7","https://m.media-amazon.com/images/I/711lua3DhgL._AC_UL320_.jpg","2026-09-30T07:03:57.701Z"
"B0922NM961","ورد صناعي","اغصان صناعي ل مناسبات متعددة - بنفسجي",160,,0,3.4,0,78,0,0,0,"https://www.amazon.eg/dp/B0922NM961","https://m.media-amazon.com/images/I/61ifrR-nOCL._AC_UL320_.jpg","2026-09-30T07:03:57.701Z"
"B0BQWTRXGH","ورد صناعي","مزهرية ورود صناعية فازة ورد صناعي للديكور، متعدد الألوان",390,,0,3.4,0,79,0,0,0,"https://www.amazon.eg/dp/B0BQWTRXGH","https://m.media-amazon.com/images/I/71yigHS1EBL._AC_UL320_.jpg","2026-09-30T07:03:57.701Z"
"B07Z8KY9VF","ورد صناعي","مجموعة زهور صناعية من الحرير بتصميم نابض بالحياة لتزيين حفلات الزفاف والمنزل ومثالية لهدايا المناسبات من نوبري، (لون أزرق)، مجموعة من 10 قطع",550,,0,4.5,0,80,0,0,0,"https://www.amazon.eg/dp/B07Z8KY9VF","https://m.media-amazon.com/images/I/8117kvkpGWL._AC_UL320_.jpg","2026-09-30T07:03:57.701Z"
"B0FRZHKLDP","ورد صناعي","نبات صناعي 12 قطعة ورد وردة باللون الأبيض",155,,0,4,0,81,0,0,0,"https://www.amazon.eg/dp/B0FRZHKLDP","https://m.media-amazon.com/images/I/51OE2-AB84L._AC_UL320_.jpg","2026-09-30T07:03:57.701Z"
"B0GVKLSV52","ورد صناعي","مجموعة زهور صناعية G-947 بتصميم واقعي من الحرير لتزيين المنزل والمكتب الذي لا يتأثر بمرور الزمن من هوم كير",96,,0,1,0,82,0,0,0,"https://www.amazon.eg/dp/B0GVKLSV52","https://m.media-amazon.com/images/I/51sZr+IR7WL._AC_UL320_.jpg","2026-09-30T07:03:57.701Z"
"B0HFCHV2GG","ورد صناعي","زهور توليب صناعية 10 قطع",516.3,,0,,0,83,0,0,0,"https://www.amazon.eg/dp/B0HFCHV2GG","https://m.media-amazon.com/images/I/81aqHUpFpgL._AC_UL320_.jpg","2026-09-30T07:03:57.701Z"
"B0994Y4LC1","ورد صناعي","ورد صناعي، زهري، من أخرى، عدد القطع: 5 , 1",165.5,,0,4.5,0,84,0,0,0,"https://www.amazon.eg/dp/B0994Y4LC1","https://m.media-amazon.com/images/I/51SZarPoRmL._AC_UL320_.jpg","2026-09-30T07:03:57.701Z"
"B0BLQSTRHH","ورد صناعي","زهور طبيعية مجففة فاخرة من عشب البامبا الاصلي - طويل منفوش للغاية - مجففة صناعية - ديكور منزلي - ديكور طاولة (5)",175,,0,3.1,0,85,0,0,0,"https://www.amazon.eg/dp/B0BLQSTRHH","https://m.media-amazon.com/images/I/41KOhBRZ8KL._AC_UL320_.jpg","2026-09-30T07:03:57.701Z"
"B0FHQRMCC7","ورد صناعي","نبات صناعي من آذر، قطعة واحدة، ورود باللون الوردي",290,,0,5,0,86,0,0,0,"https://www.amazon.eg/dp/B0FHQRMCC7","https://m.media-amazon.com/images/I/61dfaXwxSwL._AC_UL320_.jpg","2026-09-30T07:03:57.701Z"
"B0G62JVSBM","ورد صناعي","نبات صناعي بطول 40 سم، 9 قطع، وردة، باللون الوردي",250,,0,4.2,0,87,0,0,0,"https://www.amazon.eg/dp/B0G62JVSBM","https://m.media-amazon.com/images/I/51P-oXhvz1L._AC_UL320_.jpg","2026-09-30T07:03:57.701Z"
"B09HSN5RM6","ورد صناعي","ورد صناعي مكون من ثلاث قطع نباتات زينة للديكور في اصيص ابيض ملون مناسب لجميع الاماكن عدد القطع: 3",187.4,,0,3.1,0,88,0,0,0,"https://www.amazon.eg/dp/B09HSN5RM6","https://m.media-amazon.com/images/I/81G-AmaxqxL._AC_UL320_.jpg","2026-09-30T07:03:57.701Z"
"B09M3LJKRJ","ورد صناعي","باقة زهور الاوكالبتوس وزهور جيبسوفيلا الاصطناعية بلون أبيض بملمس حقيقي لحفلات الزفاف وترتيب الزهور وديكور المنزل من 18 قطعة من ديمي",700,,0,4.5,0,89,0,0,0,"https://www.amazon.eg/dp/B09M3LJKRJ","https://m.media-amazon.com/images/I/71ie30uNc5L._AC_UL320_.jpg","2026-09-30T07:03:57.701Z"
"B097ZTNRMV","ورد صناعي","نبات صناعي من ليتليو بمقاس طويل، زهرة جلوسوم، وردي داكن وأبيض",171,,0,4.4,0,90,0,0,0,"https://www.amazon.eg/dp/B097ZTNRMV","https://m.media-amazon.com/images/I/81Kp4V757IS._AC_UL320_.jpg","2026-09-30T07:03:57.701Z"
"B0FPFQQFZK","ورد صناعي","نبات صناعي بمقاس 10 قطع، 10 قطع، زهور تيوليب، وردي",299.99,,0,3.6,0,91,0,0,0,"https://www.amazon.eg/dp/B0FPFQQFZK","https://m.media-amazon.com/images/I/41ebMWeQIgL._AC_UL320_.jpg","2026-09-30T07:03:57.701Z"
"B0GVK8WK4Z","ورد صناعي","مجموعة زهور صناعية فاخرة من هوم كير G-938 بتصميم واقعي من الحرير لتزيين المنزل والمكتب الذي لا يتأثر بمرور الزمن",130,,0,,0,92,0,0,0,"https://www.amazon.eg/dp/B0GVK8WK4Z","https://m.media-amazon.com/images/I/61d+uGiyI-L._AC_UL320_.jpg","2026-09-30T07:03:57.701Z"
"B0FFNR9ZL9","ورد صناعي","زهور صناعية",290,,0,,0,93,0,0,0,"https://www.amazon.eg/dp/B0FFNR9ZL9","https://m.media-amazon.com/images/I/618j6rdandL._AC_UL320_.jpg","2026-09-30T07:03:57.701Z"
"B0BGCS1K1Q","ورد صناعي","بيبي فلور برتقالي ورد صناعي",220,,0,3.4,0,94,0,0,0,"https://www.amazon.eg/dp/B0BGCS1K1Q","https://m.media-amazon.com/images/I/71RsOqlnWlL._AC_UL320_.jpg","2026-09-30T07:03:57.701Z"
"B09235QTS4","ورد صناعي","ورود صناعي ل عيد الحب - احمر، من أخرى",201.5,,0,4.2,0,95,0,0,0,"https://www.amazon.eg/dp/B09235QTS4","https://m.media-amazon.com/images/I/71kQDG7R4GL._AC_UL320_.jpg","2026-09-30T07:03:57.701Z"
"B09QMFVBY5","ورد صناعي","ورد و زرع صناعي 55 سم , متعدد الالوان متعدد الألوان",215,,0,4.1,0,96,0,0,0,"https://www.amazon.eg/dp/B09QMFVBY5","https://m.media-amazon.com/images/I/81GSabaPlDL._AC_UL320_.jpg","2026-09-30T07:03:57.701Z"